company_name,manager_name,manager_position
安乃达驱动技术(上海)股份有限公司,黄洪岳,董事长
安乃达驱动技术(上海)股份有限公司,朱南文,独立董事
安乃达驱动技术(上海)股份有限公司,蒋德权,独立董事
安乃达驱动技术(上海)股份有限公司,张琪,独立董事
安乃达驱动技术(上海)股份有限公司,李进,董事
安乃达驱动技术(上海)股份有限公司,卓达,董事
安乃达驱动技术(上海)股份有限公司,夏业中,董事
安乃达驱动技术(上海)股份有限公司,杨锟,董事
安乃达驱动技术(上海)股份有限公司,盛晓兰,董事
安乃达驱动技术(上海)股份有限公司,张亲苹,监事会主席
安乃达驱动技术(上海)股份有限公司,王素华,监事
安乃达驱动技术(上海)股份有限公司,王静,职工监事
东杰智能科技集团股份有限公司,娄刚,董事长
东杰智能科技集团股份有限公司,梁燕生,副董事长
东杰智能科技集团股份有限公司,蔺万焕,副董事长
东杰智能科技集团股份有限公司,阴慧芳,独立董事
东杰智能科技集团股份有限公司,陈国锋,独立董事
东杰智能科技集团股份有限公司,朱黎庭,独立董事
东杰智能科技集团股份有限公司,王吉红,董事
东杰智能科技集团股份有限公司,张昊,董事
东杰智能科技集团股份有限公司,王永红,董事
东杰智能科技集团股份有限公司,张文清,监事会主席
东杰智能科技集团股份有限公司,黄志平,监事
东杰智能科技集团股份有限公司,张磊,监事
东杰智能科技集团股份有限公司,丁鹏辉,职工监事
东杰智能科技集团股份有限公司,侯晋雷,职工监事
东杰智能科技集团股份有限公司,王振国,总经理
东杰智能科技集团股份有限公司,郝志勇,副总经理
东杰智能科技集团股份有限公司,郭强忠,副总经理
东杰智能科技集团股份有限公司,朱忠义,副总经理
东杰智能科技集团股份有限公司,张新海,副总经理
东杰智能科技集团股份有限公司,张路,财务总监
深圳市雄帝科技股份有限公司,高晶,董事长
深圳市雄帝科技股份有限公司,胡皓华,独立董事
深圳市雄帝科技股份有限公司,安鹤男,独立董事
深圳市雄帝科技股份有限公司,漆韡,独立董事
深圳市雄帝科技股份有限公司,谢向宇,董事
深圳市雄帝科技股份有限公司,郑嵩,董事
深圳市雄帝科技股份有限公司,彭德芳,董事
深圳市雄帝科技股份有限公司,陈先彪,董事
深圳市雄帝科技股份有限公司,唐孝宏,董事
深圳市雄帝科技股份有限公司,刘金瑞,监事会主席
深圳市雄帝科技股份有限公司,韩家伟,监事
深圳市雄帝科技股份有限公司,杨婧,监事
深圳市雄帝科技股份有限公司,薛峰,副总经理
深圳市雄帝科技股份有限公司,郭永洪,财务总监
优德精密工业(昆山)股份有限公司,曾正雄,董事长
优德精密工业(昆山)股份有限公司,董希淼,独立非执行董事
优德精密工业(昆山)股份有限公司,杨艳波,独立董事
优德精密工业(昆山)股份有限公司,江慧,独立董事
优德精密工业(昆山)股份有限公司,吴宗颖,董事
优德精密工业(昆山)股份有限公司,杨凌辉,董事
优德精密工业(昆山)股份有限公司,杨淑妃,董事
优德精密工业(昆山)股份有限公司,袁家红,董事
优德精密工业(昆山)股份有限公司,曾馨仪,董事
优德精密工业(昆山)股份有限公司,巩军华,监事会主席
优德精密工业(昆山)股份有限公司,余水,监事
优德精密工业(昆山)股份有限公司,徐遵善,职工监事
优德精密工业(昆山)股份有限公司,陈志伟,总经理
优德精密工业(昆山)股份有限公司,张智伟,副总经理
优德精密工业(昆山)股份有限公司,陈海鹰,董事会秘书
河北恒工精密装备股份有限公司,魏志勇,董事长
河北恒工精密装备股份有限公司,翟进步,独立董事
河北恒工精密装备股份有限公司,戎梅,独立董事
河北恒工精密装备股份有限公司,焦健,独立董事
河北恒工精密装备股份有限公司,杨雨轩,董事
河北恒工精密装备股份有限公司,刘东,董事
河北恒工精密装备股份有限公司,尉丽峰,董事
河北恒工精密装备股份有限公司,付永晟,监事会主席
河北恒工精密装备股份有限公司,杨晓,监事
河北恒工精密装备股份有限公司,王向伟,监事
河北恒工精密装备股份有限公司,袁建华,副总经理
长江医药控股股份有限公司,王波,董事长
长江医药控股股份有限公司,兰霞,独立董事
长江医药控股股份有限公司,邓远军,独立董事
长江医药控股股份有限公司,吴康兵,独立董事
长江医药控股股份有限公司,翁浩,董事
长江医药控股股份有限公司,赵守军,董事
长江医药控股股份有限公司,高应会,董事
长江医药控股股份有限公司,韩庆凯,董事
长江医药控股股份有限公司,李萱,董事
长江医药控股股份有限公司,李娴,监事会主席
长江医药控股股份有限公司,秦子胤,监事
长江医药控股股份有限公司,刘婷婷,职工监事
长江医药控股股份有限公司,胡士会,总经理
长江医药控股股份有限公司,杨月晓,副总经理
长江医药控股股份有限公司,杨英环,财务总监
广州市聚赛龙工程塑料股份有限公司,郝源增,董事长
广州市聚赛龙工程塑料股份有限公司,任萍,副董事长
广州市聚赛龙工程塑料股份有限公司,李素玲,独立董事
广州市聚赛龙工程塑料股份有限公司,郑垲,独立董事
广州市聚赛龙工程塑料股份有限公司,彭晓洁,独立董事
广州市聚赛龙工程塑料股份有限公司,郝建鑫,董事
广州市聚赛龙工程塑料股份有限公司,杨辉,董事
广州市聚赛龙工程塑料股份有限公司,袁海兵,董事
广州市聚赛龙工程塑料股份有限公司,刘文志,董事
广州市聚赛龙工程塑料股份有限公司,黄诚燕,监事会主席
广州市聚赛龙工程塑料股份有限公司,陈瑜,监事
广州市聚赛龙工程塑料股份有限公司,陈晓强,职工监事
广州市聚赛龙工程塑料股份有限公司,吴若思,副总经理
广州市聚赛龙工程塑料股份有限公司,曾惠敏,财务负责人
天津经纬辉开光电股份有限公司,陈建波,董事长
天津经纬辉开光电股份有限公司,贺永强,独立董事
天津经纬辉开光电股份有限公司,贺志红,独立董事
天津经纬辉开光电股份有限公司,虞熙春,独立董事
天津经纬辉开光电股份有限公司,熊爱军,董事
天津经纬辉开光电股份有限公司,刘征兵,董事
天津经纬辉开光电股份有限公司,吕敬崑,董事
天津经纬辉开光电股份有限公司,刘冬梅,董事
天津经纬辉开光电股份有限公司,HOO YONG KEONG,董事
天津经纬辉开光电股份有限公司,杨深钦,监事会主席
天津经纬辉开光电股份有限公司,黄琳,监事
天津经纬辉开光电股份有限公司,胡春英,职工监事
天津经纬辉开光电股份有限公司,蒋爱平,副总经理
东方集团股份有限公司,孙明涛,董事长
东方集团股份有限公司,康文杰,副董事长
东方集团股份有限公司,韩方明,独立非执行董事
东方集团股份有限公司,郑海英,独立董事
东方集团股份有限公司,陈守东,独立董事
东方集团股份有限公司,张惠泉,董事
东方集团股份有限公司,吕廷福,监事会主席
东方集团股份有限公司,张义江,职工监事
东方集团股份有限公司,杨洪波,职工监事
东方集团股份有限公司,李章彦,总裁
东方集团股份有限公司,党荣毅,副总裁
东方集团股份有限公司,田春磊,财务总监
东易日盛家居装饰集团股份有限公司,陈辉,董事长
东易日盛家居装饰集团股份有限公司,詹向阳,独立董事
东易日盛家居装饰集团股份有限公司,靳文静,独立董事
东易日盛家居装饰集团股份有限公司,丁芸,独立董事
东易日盛家居装饰集团股份有限公司,蔡爽,董事
东易日盛家居装饰集团股份有限公司,李永红,监事会主席
东易日盛家居装饰集团股份有限公司,车林峰,监事
东易日盛家居装饰集团股份有限公司,邢海凤,职工监事
东易日盛家居装饰集团股份有限公司,管哲,副总经理
东易日盛家居装饰集团股份有限公司,赵敏,副总经理
沈阳远大智能工业集团股份有限公司,康宝华,董事会主席
沈阳远大智能工业集团股份有限公司,郑水园,独立董事
沈阳远大智能工业集团股份有限公司,花迪,独立董事
沈阳远大智能工业集团股份有限公司,石海峰,独立董事
沈阳远大智能工业集团股份有限公司,王昊,董事
沈阳远大智能工业集团股份有限公司,朱永鹤,董事
沈阳远大智能工业集团股份有限公司,彭安林,董事
沈阳远大智能工业集团股份有限公司,王延邦,董事
沈阳远大智能工业集团股份有限公司,王维龙,董事
沈阳远大智能工业集团股份有限公司,杨建刚,监事会主席
沈阳远大智能工业集团股份有限公司,刘义,监事
沈阳远大智能工业集团股份有限公司,唐满昌,职工监事
神通科技集团股份有限公司,方立锋,董事长
神通科技集团股份有限公司,沃健,独立董事
神通科技集团股份有限公司,黄中荣,独立董事
神通科技集团股份有限公司,陈轶,独立董事
神通科技集团股份有限公司,方芳,董事
神通科技集团股份有限公司,周宝聪,董事
神通科技集团股份有限公司,朱春亚,董事
神通科技集团股份有限公司,王欢,董事
神通科技集团股份有限公司,张析,监事会主席
神通科技集团股份有限公司,吴锦利,监事
神通科技集团股份有限公司,朱雪芬,职工监事
神通科技集团股份有限公司,吴超,财务负责人
新亚强硅化学股份有限公司,初亚军,董事长
新亚强硅化学股份有限公司,初琳,副董事长
新亚强硅化学股份有限公司,杨晓勇,独立非执行董事
新亚强硅化学股份有限公司,许前,独立董事
新亚强硅化学股份有限公司,张明燕,独立董事
新亚强硅化学股份有限公司,程薇薇,董事
新亚强硅化学股份有限公司,刘贤钊,监事会主席
新亚强硅化学股份有限公司,王洪波,监事
新亚强硅化学股份有限公司,李志刚,职工监事
新亚强硅化学股份有限公司,王凯辉,副总经理
新亚强硅化学股份有限公司,潘怡凝,副总经理
新亚强硅化学股份有限公司,许洪钧,副总经理
新亚强硅化学股份有限公司,刘春山,副总经理
新亚强硅化学股份有限公司,桑修申,副总经理
新亚强硅化学股份有限公司,宋娜,财务负责人
深圳市雷赛智能控制股份有限公司,李卫平,董事长
深圳市雷赛智能控制股份有限公司,吴伟,独立董事
深圳市雷赛智能控制股份有限公司,王宏,独立董事
深圳市雷赛智能控制股份有限公司,杨健,独立董事
深圳市雷赛智能控制股份有限公司,施慧敏,董事
深圳市雷赛智能控制股份有限公司,田天胜,董事
深圳市雷赛智能控制股份有限公司,游道平,董事
深圳市雷赛智能控制股份有限公司,杨立望,监事会主席
深圳市雷赛智能控制股份有限公司,荣洁,监事
深圳市雷赛智能控制股份有限公司,吴方圆,职工监事
深圳市雷赛智能控制股份有限公司,黄超,副总经理
深圳市雷赛智能控制股份有限公司,向少华,董事会秘书
广汇汽车服务集团股份公司,马赴江,董事长
广汇汽车服务集团股份公司,罗磊,独立董事
广汇汽车服务集团股份公司,郭蓓蓓,独立董事
广汇汽车服务集团股份公司,夏宽云,独立董事
广汇汽车服务集团股份公司,许星,非执行董事
广汇汽车服务集团股份公司,李江红,董事
广汇汽车服务集团股份公司,杨明,董事
广汇汽车服务集团股份公司,丁瑜,董事
广汇汽车服务集团股份公司,王胜,董事
广汇汽车服务集团股份公司,刘旭斌,监事会主席
广汇汽车服务集团股份公司,张家玮,监事
广汇汽车服务集团股份公司,黄涛,职工监事
广汇汽车服务集团股份公司,王咏帆,副总裁
广汇汽车服务集团股份公司,彭松,总裁助理
广汇汽车服务集团股份公司,谢朝晖,总裁助理
湖南湘邮科技股份有限公司,董志宏,董事长
湖南湘邮科技股份有限公司,魏先华,独立董事
湖南湘邮科技股份有限公司,王定健,独立董事
湖南湘邮科技股份有限公司,张宏亮,独立董事
湖南湘邮科技股份有限公司,马占红,董事
湖南湘邮科技股份有限公司,缪立立,董事
湖南湘邮科技股份有限公司,胡尔纲,董事
湖南湘邮科技股份有限公司,冯红旗,董事
湖南湘邮科技股份有限公司,张华,董事
湖南湘邮科技股份有限公司,杨连祥,监事会主席
湖南湘邮科技股份有限公司,何继然,监事
湖南湘邮科技股份有限公司,叶思泽,职工监事
湖南湘邮科技股份有限公司,孟京京,副总裁
湖南湘邮科技股份有限公司,姚琪,副总裁
湖南湘邮科技股份有限公司,王林波,副总裁
湖南湘邮科技股份有限公司,刘明阳,财务总监
广东世运电路科技股份有限公司,佘英杰,董事长
广东世运电路科技股份有限公司,佘晴殷,副董事长
广东世运电路科技股份有限公司,冼易,独立非执行董事
广东世运电路科技股份有限公司,饶莉,独立董事
广东世运电路科技股份有限公司,刘玉招,独立董事
广东世运电路科技股份有限公司,卢锦钦,董事
广东世运电路科技股份有限公司,杨智伟,董事
广东世运电路科技股份有限公司,张天亮,监事会主席
广东世运电路科技股份有限公司,谢新,监事
广东世运电路科技股份有限公司,麦月美,监事
广东世运电路科技股份有限公司,王政钧,财务总监
广东世运电路科技股份有限公司,尹嘉亮,董事会秘书
上海新时达电气股份有限公司,纪翌,董事长
上海新时达电气股份有限公司,俞纪明,独立董事
上海新时达电气股份有限公司,钟斌,独立董事
上海新时达电气股份有限公司,李婀珏,独立董事
上海新时达电气股份有限公司,纪德法,董事
上海新时达电气股份有限公司,王春祥,董事
上海新时达电气股份有限公司,金辛海,董事
上海新时达电气股份有限公司,周广兴,董事
上海新时达电气股份有限公司,梁锐,董事
上海新时达电气股份有限公司,方启宗,监事会主席
上海新时达电气股份有限公司,尹红红,监事
上海新时达电气股份有限公司,周平,职工监事
上海新时达电气股份有限公司,蔡亮,副总经理
上海新时达电气股份有限公司,陈华峰,副总经理
上海新时达电气股份有限公司,刘菁,副总经理
上海新时达电气股份有限公司,李福刚,副总经理
浙江迪贝电气股份有限公司,吴建荣,董事长
浙江迪贝电气股份有限公司,朱狄敏,独立董事
浙江迪贝电气股份有限公司,俞俊利,独立董事
浙江迪贝电气股份有限公司,周洪发,独立董事
浙江迪贝电气股份有限公司,丁家丰,董事
浙江迪贝电气股份有限公司,吴储正,董事
浙江迪贝电气股份有限公司,邢懿烨,董事
浙江迪贝电气股份有限公司,张文波,监事会主席
浙江迪贝电气股份有限公司,魏东,监事
浙江迪贝电气股份有限公司,裘波洋,职工监事
浙江迪贝电气股份有限公司,王建鸿,副总经理
大连友谊(集团)股份有限公司,李剑,董事长
大连友谊(集团)股份有限公司,陈玲莉,独立董事
大连友谊(集团)股份有限公司,刘应民,独立董事
大连友谊(集团)股份有限公司,车文辉,独立董事
大连友谊(集团)股份有限公司,熊强,董事
大连友谊(集团)股份有限公司,张波,董事
大连友谊(集团)股份有限公司,姜广威,董事
大连友谊(集团)股份有限公司,高志朝,监事会主席
大连友谊(集团)股份有限公司,钟超,监事
大连友谊(集团)股份有限公司,王振波,职工监事
大连友谊(集团)股份有限公司,王同贵,副总裁
康美药业股份有限公司,赖志坚,董事长
康美药业股份有限公司,骆涛,独立董事
康美药业股份有限公司,曾庆,独立董事
康美药业股份有限公司,赖小平,独立董事
康美药业股份有限公司,夏华悦,董事
康美药业股份有限公司,刘国伟,董事
康美药业股份有限公司,米琪,董事
康美药业股份有限公司,梁珺,董事
康美药业股份有限公司,方妙双,董事
康美药业股份有限公司,高燕珠,监事会主席
康美药业股份有限公司,王彤,监事
康美药业股份有限公司,黄龙涛,职工监事
康美药业股份有限公司,宫贵博,副总经理
康美药业股份有限公司,周云峰,副总经理
康美药业股份有限公司,陈启鋆,副总经理
康美药业股份有限公司,欧国雄,副总经理
康美药业股份有限公司,何则正,副总经理
康美药业股份有限公司,刘新泉,副总经理
康美药业股份有限公司,李泽彬,总经理助理
北京千方科技股份有限公司,戴德斌,董事长
北京千方科技股份有限公司,蒋克奇,独立董事
北京千方科技股份有限公司,范茂春,独立董事
北京千方科技股份有限公司,张锦贵,董事
北京千方科技股份有限公司,刘大成,董事
北京千方科技股份有限公司,刘凤民,监事会主席
北京千方科技股份有限公司,董璇,监事
北京千方科技股份有限公司,肖玲艳,职工监事
北京千方科技股份有限公司,周俊,总经理
北京千方科技股份有限公司,阳建平,副总经理
北京千方科技股份有限公司,杨德广,副总经理
北京千方科技股份有限公司,曹磊,副总经理
格力博(江苏)股份有限公司,夏曙东,董事长
格力博(江苏)股份有限公司,史薇,独立董事
格力博(江苏)股份有限公司,王新英,独立董事
格力博(江苏)股份有限公司,慕丽娜,独立董事
格力博(江苏)股份有限公司,张鹏国,董事
格力博(江苏)股份有限公司,吴司韵,董事
格力博(江苏)股份有限公司,夏曙锋,董事
格力博(江苏)股份有限公司,尹建平,董事
格力博(江苏)股份有限公司,陈铨,董事
格力博(江苏)股份有限公司,孙大勇,监事会主席
格力博(江苏)股份有限公司,孙霖,监事
格力博(江苏)股份有限公司,黄华,职工监事
格力博(江苏)股份有限公司,毛晓光,副总经理
格力博(江苏)股份有限公司,张丽娟,副总经理
格力博(江苏)股份有限公司,史广建,副总经理
格力博(江苏)股份有限公司,韩婧,副总经理
上海天玑科技股份有限公司,陈寅,董事长
上海天玑科技股份有限公司,莫申江,独立董事
上海天玑科技股份有限公司,肖波,独立董事
上海天玑科技股份有限公司,任海峙,独立董事
上海天玑科技股份有限公司,宋琼丽,董事
上海天玑科技股份有限公司,庄建清,董事
上海天玑科技股份有限公司,李磊,董事
上海天玑科技股份有限公司,高乃新,监事会主席
上海天玑科技股份有限公司,吴林冲,监事
上海天玑科技股份有限公司,杨旻,职工监事
上海天玑科技股份有限公司,徐友涛,财务总监
北京盛通印刷股份有限公司,苏博,董事长
北京盛通印刷股份有限公司,张双鹏,独立董事
北京盛通印刷股份有限公司,乐嘉锦,独立董事
北京盛通印刷股份有限公司,孙冬喆,独立董事
北京盛通印刷股份有限公司,陆廷洁,董事
北京盛通印刷股份有限公司,杜力耘,董事
北京盛通印刷股份有限公司,徐江,董事
北京盛通印刷股份有限公司,叶磊,董事
北京盛通印刷股份有限公司,黄静,监事会主席
北京盛通印刷股份有限公司,连寅吉,监事
北京盛通印刷股份有限公司,崔珏飞,职工监事
北京盛通印刷股份有限公司,聂婷,财务总监
江苏正丹化学工业股份有限公司,贾春琳,董事长
江苏正丹化学工业股份有限公司,栗延秋,副董事长
江苏正丹化学工业股份有限公司,敖然,独立董事
江苏正丹化学工业股份有限公司,樊小刚,独立董事
江苏正丹化学工业股份有限公司,杨剑萍,独立董事
江苏正丹化学工业股份有限公司,唐正军,董事
江苏正丹化学工业股份有限公司,肖薇,董事
江苏正丹化学工业股份有限公司,许菊平,董事
江苏正丹化学工业股份有限公司,汤武,董事
江苏正丹化学工业股份有限公司,殷庆允,监事会主席
江苏正丹化学工业股份有限公司,刘万坤,监事
江苏正丹化学工业股份有限公司,王莎莎,职工监事
江苏正丹化学工业股份有限公司,贾曦,副总经理
广东海印集团股份有限公司,曹正国,董事长
广东海印集团股份有限公司,范明华,独立董事
广东海印集团股份有限公司,范明,独立董事
广东海印集团股份有限公司,周爱华,独立董事
广东海印集团股份有限公司,沈杏秀,董事
广东海印集团股份有限公司,荆晓平,董事
广东海印集团股份有限公司,曹翠琼,董事
广东海印集团股份有限公司,任伟,董事
广东海印集团股份有限公司,曹沛,董事
广东海印集团股份有限公司,周伟林,监事会主席
广东海印集团股份有限公司,王立俊,监事
广东海印集团股份有限公司,王福,职工监事
广东海印集团股份有限公司,曹桂云,财务负责人
广东海印集团股份有限公司,李铁钢,董事会秘书
广州瑞松智能科技股份有限公司,邵建明,董事长
广州瑞松智能科技股份有限公司,杨栋锐,独立董事
广州瑞松智能科技股份有限公司,陈莹,独立董事
广州瑞松智能科技股份有限公司,刘恒,独立董事
广州瑞松智能科技股份有限公司,潘尉,董事
广州瑞松智能科技股份有限公司,邵建佳,董事
广州瑞松智能科技股份有限公司,陈文胜,董事
广州瑞松智能科技股份有限公司,李少菊,监事长
广州瑞松智能科技股份有限公司,宋葆琛,监事
广州瑞松智能科技股份有限公司,方绮玲,职工监事
广州瑞松智能科技股份有限公司,叶海燕,财务总监
广州瑞松智能科技股份有限公司,吴珈乐,董事会秘书
成都瑞迪智驱科技股份有限公司,孙志强,董事长
成都瑞迪智驱科技股份有限公司,颜雪涛,副董事长
成都瑞迪智驱科技股份有限公司,张剑滔,独立董事
成都瑞迪智驱科技股份有限公司,闵华清,独立董事
成都瑞迪智驱科技股份有限公司,马腾,独立董事
成都瑞迪智驱科技股份有限公司,刘尔彬,董事
成都瑞迪智驱科技股份有限公司,宗煜,董事
成都瑞迪智驱科技股份有限公司,罗渊,监事会主席
成都瑞迪智驱科技股份有限公司,叶王根,监事
成都瑞迪智驱科技股份有限公司,查晓红,监事
成都瑞迪智驱科技股份有限公司,郑德伦,副总裁
成都瑞迪智驱科技股份有限公司,孙圣杰,副总裁
成都瑞迪智驱科技股份有限公司,陈雅依,董事会秘书
杭州楚环科技股份有限公司,卢晓蓉,董事长
杭州楚环科技股份有限公司,孙廷武,独立董事
杭州楚环科技股份有限公司,漆小川,独立董事
杭州楚环科技股份有限公司,韩豫川,独立董事
杭州楚环科技股份有限公司,曹昱,独立董事
杭州楚环科技股份有限公司,王晓,董事
杭州楚环科技股份有限公司,焦景凡,董事
杭州楚环科技股份有限公司,王敏,董事
杭州楚环科技股份有限公司,刘兰,董事
杭州楚环科技股份有限公司,朱亚兰,监事会主席
杭州楚环科技股份有限公司,陈和云,监事
杭州楚环科技股份有限公司,邱义,职工监事
杭州楚环科技股份有限公司,蒋景奇,财务负责人
华测检测认证集团股份有限公司,陈步东,董事长
华测检测认证集团股份有限公司,武鑫,独立董事
华测检测认证集团股份有限公司,赵鹏飞,独立董事
华测检测认证集团股份有限公司,许响生,独立董事
华测检测认证集团股份有限公司,吴意波,董事
华测检测认证集团股份有限公司,徐时永,董事
华测检测认证集团股份有限公司,陈晓东,董事
华测检测认证集团股份有限公司,钱纯波,董事
华测检测认证集团股份有限公司,杨媛,董事
华测检测认证集团股份有限公司,金生侠,监事会主席
华测检测认证集团股份有限公司,徐飞星,监事
华测检测认证集团股份有限公司,李碧云,职工监事
华测检测认证集团股份有限公司,任倩倩,副总经理
华测检测认证集团股份有限公司,杨岚,财务负责人
华测检测认证集团股份有限公司,陈朝霞,董事会秘书
无锡贝斯特精机股份有限公司,万峰,董事长
无锡贝斯特精机股份有限公司,程海晋,独立董事
无锡贝斯特精机股份有限公司,刘志权,独立董事
无锡贝斯特精机股份有限公司,曾繁礼,独立董事
无锡贝斯特精机股份有限公司,戚观成,董事
无锡贝斯特精机股份有限公司,钱峰,董事
无锡贝斯特精机股份有限公司,申屠献忠,董事
无锡贝斯特精机股份有限公司,陈炜明,监事会主席
无锡贝斯特精机股份有限公司,杜学志,监事
无锡贝斯特精机股份有限公司,张渝民,职工监事
无锡贝斯特精机股份有限公司,徐江,副总裁
无锡贝斯特精机股份有限公司,周璐,副总裁
无锡贝斯特精机股份有限公司,李丰勇,副总裁
无锡贝斯特精机股份有限公司,王皓,副总裁
无锡贝斯特精机股份有限公司,曾啸虎,副总裁
无锡贝斯特精机股份有限公司,姜华,副总裁
东莞市鼎通精密科技股份有限公司,曹余华,董事长
东莞市鼎通精密科技股份有限公司,曹逸,副董事长
东莞市鼎通精密科技股份有限公司,汪群峰,独立董事
东莞市鼎通精密科技股份有限公司,纪志成,独立董事
东莞市鼎通精密科技股份有限公司,郭俊新,董事
东莞市鼎通精密科技股份有限公司,华刚,监事会主席
东莞市鼎通精密科技股份有限公司,尤佳怡,监事
东莞市鼎通精密科技股份有限公司,唐美红,职工监事
东莞市鼎通精密科技股份有限公司,张新龙,副总经理
东莞市鼎通精密科技股份有限公司,赵宇,副总经理
东莞市鼎通精密科技股份有限公司,陈斌,副总经理
安徽辉隆农资集团股份有限公司,王成海,董事长
安徽辉隆农资集团股份有限公司,肖继辉,独立董事
安徽辉隆农资集团股份有限公司,刘族兵,独立董事
安徽辉隆农资集团股份有限公司,许辉,董事
安徽辉隆农资集团股份有限公司,孔垂军,董事
安徽辉隆农资集团股份有限公司,袁志华,监事会主席
安徽辉隆农资集团股份有限公司,王成涛,监事
安徽辉隆农资集团股份有限公司,徐浩,职工监事
安徽辉隆农资集团股份有限公司,徐孝新,副总经理
安徽辉隆农资集团股份有限公司,朱圣根,副总经理
安徽辉隆农资集团股份有限公司,王晓兰,副总经理
安徽辉隆农资集团股份有限公司,陈公平,财务总监
广东泉为科技股份有限公司,程诚,董事长
广东泉为科技股份有限公司,马长安,独立董事
广东泉为科技股份有限公司,张璇,独立董事
广东泉为科技股份有限公司,张华平,独立董事
广东泉为科技股份有限公司,徐敏,董事
广东泉为科技股份有限公司,文琼尧,董事
广东泉为科技股份有限公司,姚迪,董事
广东泉为科技股份有限公司,汪本法,董事
广东泉为科技股份有限公司,胡鹏,董事
广东泉为科技股份有限公司,董庆,监事会主席
广东泉为科技股份有限公司,蔡传永,监事
广东泉为科技股份有限公司,郭毅,职工监事
广东泉为科技股份有限公司,赵磊,副总经理
广东泉为科技股份有限公司,潘晓飞,副总经理
广东泉为科技股份有限公司,汪海燕,副总经理
浙江三花智能控制股份有限公司,褚一凡,董事长
浙江三花智能控制股份有限公司,邹育飞,独立董事
浙江三花智能控制股份有限公司,王秀峰,独立董事
浙江三花智能控制股份有限公司,卞水明,独立董事
浙江三花智能控制股份有限公司,李森,董事
浙江三花智能控制股份有限公司,张庆峰,董事
浙江三花智能控制股份有限公司,杨勇,董事
浙江三花智能控制股份有限公司,胡金霞,董事
浙江三花智能控制股份有限公司,李会,监事会主席
浙江三花智能控制股份有限公司,杨锋,监事
浙江三花智能控制股份有限公司,吴姣艳,职工监事
浙江三花智能控制股份有限公司,雷心跃,总经理
浙江三花智能控制股份有限公司,张贵明,副总经理
浙江三花智能控制股份有限公司,徐珍英,财务总监
贵州长征天成控股股份有限公司,张亚波,董事长
贵州长征天成控股股份有限公司,石建辉,独立董事
贵州长征天成控股股份有限公司,潘亚岚,独立董事
贵州长征天成控股股份有限公司,鲍恩斯,独立董事
贵州长征天成控股股份有限公司,王大勇,董事
贵州长征天成控股股份有限公司,倪晓明,董事
贵州长征天成控股股份有限公司,陈雨忠,董事
贵州长征天成控股股份有限公司,张少波,董事
贵州长征天成控股股份有限公司,任金土,董事
贵州长征天成控股股份有限公司,赵亚军,监事会召集人
贵州长征天成控股股份有限公司,莫杨,监事
贵州长征天成控股股份有限公司,陈笑明,职工监事
贵州长征天成控股股份有限公司,俞蓥奎,财务总监
贵州长征天成控股股份有限公司,胡凯程,董事会秘书
湖南景峰医药股份有限公司,高健,代董事长
湖南景峰医药股份有限公司,李一丁,独立董事
湖南景峰医药股份有限公司,刘水兵,独立董事
湖南景峰医药股份有限公司,张仁,独立董事
湖南景峰医药股份有限公司,刘克洋,董事
湖南景峰医药股份有限公司,张小彬,监事会主席
湖南景峰医药股份有限公司,韩箴余,监事
湖南景峰医药股份有限公司,胡凯泉,监事
湖南景峰医药股份有限公司,黄卓为,董事会秘书
摩登大道时尚集团股份有限公司,张莉,代董事长
摩登大道时尚集团股份有限公司,钟少先,独立董事
摩登大道时尚集团股份有限公司,刘亭,独立董事
摩登大道时尚集团股份有限公司,翟培懿,独立董事
摩登大道时尚集团股份有限公司,谢树青,董事
摩登大道时尚集团股份有限公司,滕小青,监事会主席
摩登大道时尚集团股份有限公司,胡雄文,监事
摩登大道时尚集团股份有限公司,周神东,职工监事
摩登大道时尚集团股份有限公司,魏青杰,总裁
摩登大道时尚集团股份有限公司,马学红,财务负责人
长高电新科技股份公司,林毅超,董事长
长高电新科技股份公司,黄淑英,独立董事
长高电新科技股份公司,陈凯敏,独立董事
长高电新科技股份公司,裘爽,独立董事
长高电新科技股份公司,翁文芳,董事
长高电新科技股份公司,魏勇,董事
长高电新科技股份公司,张海为,董事
长高电新科技股份公司,麦颖贤,监事会主席
长高电新科技股份公司,陈越越,监事
长高电新科技股份公司,林志婷,监事
长高电新科技股份公司,邱军,财务总监
中润资源投资股份有限公司,马孝武,董事长
中润资源投资股份有限公司,张传富,独立董事
中润资源投资股份有限公司,喻朝辉,独立董事
中润资源投资股份有限公司,欧明刚,独立非执行董事
中润资源投资股份有限公司,林林,董事
中润资源投资股份有限公司,马晓,董事
中润资源投资股份有限公司,刘家钰,董事
中润资源投资股份有限公司,彭强,董事
中润资源投资股份有限公司,唐建设,董事
中润资源投资股份有限公司,陈志刚,监事会主席
中润资源投资股份有限公司,高振安,监事
中润资源投资股份有限公司,黄艳珍,职工监事
中润资源投资股份有限公司,刘云强,财务负责人
上海龙宇数据股份有限公司,郑玉芝,董事长
上海龙宇数据股份有限公司,刘学民,独立董事
上海龙宇数据股份有限公司,陈家声,独立董事
上海龙宇数据股份有限公司,王晓明,独立董事
上海龙宇数据股份有限公司,盛军,董事
上海龙宇数据股份有限公司,李江武,董事
上海龙宇数据股份有限公司,王飞,董事
上海龙宇数据股份有限公司,孙铁明,董事
上海龙宇数据股份有限公司,王峥,监事会主席
上海龙宇数据股份有限公司,刘星,监事
上海龙宇数据股份有限公司,司兵兵,职工监事
上海龙宇数据股份有限公司,张国明,副总经理
恒立实业发展集团股份有限公司,徐增增,董事长
恒立实业发展集团股份有限公司,周桐宇,独立董事
恒立实业发展集团股份有限公司,何晓云,独立董事
恒立实业发展集团股份有限公司,严健军,独立非执行董事
恒立实业发展集团股份有限公司,刘振光,董事
恒立实业发展集团股份有限公司,刘策,董事
恒立实业发展集团股份有限公司,李解丰,监事会主席
恒立实业发展集团股份有限公司,董伊辰,职工监事
恒立实业发展集团股份有限公司,张锋,职工监事
恒立实业发展集团股份有限公司,马荧,副总经理
恒立实业发展集团股份有限公司,张晔侃,董事会秘书
深圳市创益通技术股份有限公司,马伟进,董事长
深圳市创益通技术股份有限公司,王达,独立董事
深圳市创益通技术股份有限公司,黄威,独立董事
深圳市创益通技术股份有限公司,王幸辉,独立董事
深圳市创益通技术股份有限公司,张华,董事
深圳市创益通技术股份有限公司,马立伯,职工代表董事
深圳市创益通技术股份有限公司,黎晓淮,监事会召集人
深圳市创益通技术股份有限公司,杨艳,职工监事
深圳市创益通技术股份有限公司,陈洪,职工监事
深圳市创益通技术股份有限公司,吕友帮,总裁
深圳市创益通技术股份有限公司,李滔,副总裁
航天晨光股份有限公司,张建明,董事长
航天晨光股份有限公司,晏雨国,副董事长
航天晨光股份有限公司,薛建中,独立董事
航天晨光股份有限公司,杨磊,独立董事
航天晨光股份有限公司,袁清珂,独立董事
航天晨光股份有限公司,刘静,监事会主席
航天晨光股份有限公司,贺美兰,监事
航天晨光股份有限公司,莫金堂,职工监事
航天晨光股份有限公司,李逢军,副总经理
航天晨光股份有限公司,彭治江,财务负责人
航天晨光股份有限公司,李垚,研发总监
深圳市中装建设集团股份有限公司,文树梁,代董事长
深圳市中装建设集团股份有限公司,姜绍英,独立董事
深圳市中装建设集团股份有限公司,顾冶青,独立董事
深圳市中装建设集团股份有限公司,叶青,独立董事
深圳市中装建设集团股份有限公司,姚昌文,董事
深圳市中装建设集团股份有限公司,王毓敏,董事
深圳市中装建设集团股份有限公司,陈甦平,董事
深圳市中装建设集团股份有限公司,卢克南,监事会主席
深圳市中装建设集团股份有限公司,韩国庆,监事
深圳市中装建设集团股份有限公司,魏晓汉,职工监事
深圳市中装建设集团股份有限公司,刘进江,职工监事
深圳市中装建设集团股份有限公司,邱亮,职工监事
深圳市中装建设集团股份有限公司,孙建航,副总经理
深圳市中装建设集团股份有限公司,杨树东,副总经理
深圳市中装建设集团股份有限公司,王镭,副总经理
深圳市中装建设集团股份有限公司,邓泽刚,财务负责人
北京零点有数数据科技股份有限公司,庄展诺,董事长
北京零点有数数据科技股份有限公司,陈贤凯,独立董事
北京零点有数数据科技股份有限公司,黄泽民,独立董事
北京零点有数数据科技股份有限公司,庄小红,董事
北京零点有数数据科技股份有限公司,赵海峰,董事
北京零点有数数据科技股份有限公司,赵海荣,监事会主席
北京零点有数数据科技股份有限公司,张小龙,监事
北京零点有数数据科技股份有限公司,叶剑兴,职工监事
北京零点有数数据科技股份有限公司,庄粱,副总裁
北京零点有数数据科技股份有限公司,何应胜,副总裁
华瑞电器股份有限公司,袁岳,董事长
华瑞电器股份有限公司,王辉,独立董事
华瑞电器股份有限公司,陈光,独立董事
华瑞电器股份有限公司,马旗戟,独立董事
华瑞电器股份有限公司,张军,董事
华瑞电器股份有限公司,陈晓丽,董事
华瑞电器股份有限公司,周林古,董事
华瑞电器股份有限公司,李国良,监事会主席
华瑞电器股份有限公司,费洁华,监事
华瑞电器股份有限公司,曾慧超,监事
华瑞电器股份有限公司,刘升,财务总监
华瑞电器股份有限公司,杨轶,商业业务负责人
华瑞电器股份有限公司,闫晶,公共事务业务负责人
华瑞电器股份有限公司,宋志远,数据业务负责人
科力尔电机集团股份有限公司,张波,董事长
科力尔电机集团股份有限公司,邓乐坚,副董事长
科力尔电机集团股份有限公司,张荣晖,独立董事
科力尔电机集团股份有限公司,何焕珍,独立董事
科力尔电机集团股份有限公司,朱一鸿,独立董事
科力尔电机集团股份有限公司,孙瑞娣,董事
科力尔电机集团股份有限公司,宋光辉,董事
科力尔电机集团股份有限公司,谢劲跃,董事
科力尔电机集团股份有限公司,谢辉,董事
科力尔电机集团股份有限公司,张永田,监事会主席
科力尔电机集团股份有限公司,姜文平,监事
科力尔电机集团股份有限公司,周霞,职工监事
科力尔电机集团股份有限公司,钱盛超,副总经理
科力尔电机集团股份有限公司,张立伟,副总经理
科力尔电机集团股份有限公司,方侠,副总经理
东方时尚驾驶学校股份有限公司,聂鹏举,董事长
东方时尚驾驶学校股份有限公司,徐开兵,独立董事
东方时尚驾驶学校股份有限公司,杜建铭,独立董事
东方时尚驾驶学校股份有限公司,聂葆生,董事
东方时尚驾驶学校股份有限公司,宋子凡,董事
东方时尚驾驶学校股份有限公司,蒋耀钢,监事会主席
东方时尚驾驶学校股份有限公司,刘辉,监事
东方时尚驾驶学校股份有限公司,曾利刚,职工监事
上海保隆汽车科技股份有限公司,徐劲松,董事长
上海保隆汽车科技股份有限公司,许余洁,独立董事
上海保隆汽车科技股份有限公司,万勇,独立董事
上海保隆汽车科技股份有限公司,丛培红,独立董事
上海保隆汽车科技股份有限公司,魏然,董事
上海保隆汽车科技股份有限公司,杨骁腾,董事
上海保隆汽车科技股份有限公司,温子健,董事
上海保隆汽车科技股份有限公司,闫文辉,董事
上海保隆汽车科技股份有限公司,王红玉,董事
上海保隆汽车科技股份有限公司,孙翔,董事
上海保隆汽车科技股份有限公司,石丽英,监事会主席
上海保隆汽车科技股份有限公司,董标,监事
上海保隆汽车科技股份有限公司,季冬鹏,职工监事
上海保隆汽车科技股份有限公司,庄新刚,职工监事
上海保隆汽车科技股份有限公司,张艳丽,副总经理
上海保隆汽车科技股份有限公司,王卫新,副总经理
上海保隆汽车科技股份有限公司,郝秀花,副总经理
上海保隆汽车科技股份有限公司,赵晨光,副总经理
上海保隆汽车科技股份有限公司,杜雅洁,董事会秘书
芜湖伯特利汽车安全系统股份有限公司,张祖秋,董事长
芜湖伯特利汽车安全系统股份有限公司,叶建木,独立董事
芜湖伯特利汽车安全系统股份有限公司,谭金可,独立董事
芜湖伯特利汽车安全系统股份有限公司,刘启明,独立董事
芜湖伯特利汽车安全系统股份有限公司,王嘉陵,董事
芜湖伯特利汽车安全系统股份有限公司,陈洪凌,董事
芜湖伯特利汽车安全系统股份有限公司,王胜全,董事
芜湖伯特利汽车安全系统股份有限公司,陈洪泉,董事
芜湖伯特利汽车安全系统股份有限公司,杜硕,董事
芜湖伯特利汽车安全系统股份有限公司,姚新民,监事会主席
芜湖伯特利汽车安全系统股份有限公司,李克军,监事
芜湖伯特利汽车安全系统股份有限公司,陈晓红,监事
芜湖伯特利汽车安全系统股份有限公司,冯美来,副总经理
芜湖伯特利汽车安全系统股份有限公司,文剑峰,副总经理
芜湖伯特利汽车安全系统股份有限公司,尹术飞,副总经理
上海岱美汽车内饰件股份有限公司,袁永彬,董事长
上海岱美汽车内饰件股份有限公司,蒋琪,独立董事
上海岱美汽车内饰件股份有限公司,马黎珺,独立董事
上海岱美汽车内饰件股份有限公司,郑继虎,独立董事
上海岱美汽车内饰件股份有限公司,王渊,董事
上海岱美汽车内饰件股份有限公司,李中兵,董事
上海岱美汽车内饰件股份有限公司,柯萍,董事
上海岱美汽车内饰件股份有限公司,杨卫东,董事
上海岱美汽车内饰件股份有限公司,蔡春,董事
上海岱美汽车内饰件股份有限公司,张昊,监事会主席
上海岱美汽车内饰件股份有限公司,袁东星,监事
上海岱美汽车内饰件股份有限公司,杨靖,职工监事
上海岱美汽车内饰件股份有限公司,陈忠喜,副总经理
上海岱美汽车内饰件股份有限公司,王孝杰,财务总监
苏州西典新能源电气股份有限公司,姜银台,董事长
苏州西典新能源电气股份有限公司,姜明,副董事长
苏州西典新能源电气股份有限公司,范文,独立董事
苏州西典新能源电气股份有限公司,陈凌云,独立董事
苏州西典新能源电气股份有限公司,叶春雷,董事
苏州西典新能源电气股份有限公司,肖传龙,董事
苏州西典新能源电气股份有限公司,陆备军,监事会主席
苏州西典新能源电气股份有限公司,邬伟国,监事
苏州西典新能源电气股份有限公司,袁俊卿,职工监事
苏州西典新能源电气股份有限公司,沈艇,副总裁
青海春天药用资源科技股份有限公司,SHENG JIAN HUA,董事长
青海春天药用资源科技股份有限公司,张开鹏,独立董事
青海春天药用资源科技股份有限公司,刘雪峰,独立董事
青海春天药用资源科技股份有限公司,PAN SHU XIN,董事
青海春天药用资源科技股份有限公司,高宝国,董事
青海春天药用资源科技股份有限公司,郭亮,监事会主席
青海春天药用资源科技股份有限公司,程丽,监事
青海春天药用资源科技股份有限公司,陈洁,监事
青海春天药用资源科技股份有限公司,周海峰,副总经理
青海春天药用资源科技股份有限公司,黄晨,副总经理
青海春天药用资源科技股份有限公司,李玉红,财务总监
大连智云自动化装备股份有限公司,张雪峰,董事长
大连智云自动化装备股份有限公司,高学敏,独立董事
大连智云自动化装备股份有限公司,董博俊,独立董事
大连智云自动化装备股份有限公司,宋玉琦,独立董事
大连智云自动化装备股份有限公司,陈定,董事
大连智云自动化装备股份有限公司,肖融,董事
大连智云自动化装备股份有限公司,姚铁鹏,董事
大连智云自动化装备股份有限公司,倪军霞,监事会主席
大连智云自动化装备股份有限公司,黄萱,监事
大连智云自动化装备股份有限公司,张瑾,监事
大连智云自动化装备股份有限公司,刘凌霄,副总经理
大连智云自动化装备股份有限公司,王林,财务总监
湖南恒光科技股份有限公司,师利全,董事长
湖南恒光科技股份有限公司,张原峰,独立董事
湖南恒光科技股份有限公司,董群先,独立董事
湖南恒光科技股份有限公司,韩海鸥,独立董事
湖南恒光科技股份有限公司,马毓,董事
湖南恒光科技股份有限公司,李超,董事
湖南恒光科技股份有限公司,包锋,董事
湖南恒光科技股份有限公司,罗东,监事会主席
湖南恒光科技股份有限公司,邹梦华,监事
湖南恒光科技股份有限公司,张秀敏,职工监事
湖南恒光科技股份有限公司,华家蓉,副总经理
广东明阳电气股份有限公司,曹立祥,董事长
广东明阳电气股份有限公司,朱剑,独立董事
广东明阳电气股份有限公司,朱开悉,独立董事
广东明阳电气股份有限公司,王红艳,独立董事
广东明阳电气股份有限公司,李正蛟,董事
广东明阳电气股份有限公司,张辉军,董事
广东明阳电气股份有限公司,朱友良,董事
广东明阳电气股份有限公司,胡建新,监事会主席
广东明阳电气股份有限公司,唐辉尧,监事
广东明阳电气股份有限公司,欧雅清,职工监事
广东明阳电气股份有限公司,谭艳春,财务总监
苏州东山精密制造股份有限公司,张传卫,董事长
苏州东山精密制造股份有限公司,余鹏翼,独立董事
苏州东山精密制造股份有限公司,张书军,独立非执行董事
苏州东山精密制造股份有限公司,李泽明,独立董事
苏州东山精密制造股份有限公司,张超,董事
苏州东山精密制造股份有限公司,郭献清,董事
苏州东山精密制造股份有限公司,孙文艺,董事
苏州东山精密制造股份有限公司,沈军,监事会主席
苏州东山精密制造股份有限公司,邓德毅,监事
苏州东山精密制造股份有限公司,彭哲,职工监事
苏州东山精密制造股份有限公司,姚兴存,副总经理
苏州东山精密制造股份有限公司,张永胜,副总裁
苏州东山精密制造股份有限公司,胡连红,副总裁
苏州东山精密制造股份有限公司,鲁小平,副总裁
苏州东山精密制造股份有限公司,刘文娣,首席财务官
