stock_code,fund_name,fund_amount,fund_ratio
SZ301261,全部合计,396.45万,18.96%
SZ301261,广发中小盘精选混合型证券投资基金A,101.37万,4.85%
SZ301261,华安宏利混合型证券投资基金A,96.16万,4.60%
SZ301261,博时创新经济混合型证券投资基金A,56.39万,2.70%
SZ301261,广发科技创新混合型证券投资基金A,48.61万,2.32%
SZ301261,交银施罗德先进制造混合型证券投资基金A,39.18万,1.87%
SZ301261,华安新丝路主题股票型证券投资基金A,30.98万,1.48%
SZ301261,平安先进制造主题股票型发起式证券投资基金A,13.98万,0.67%
SZ301261,华夏智造升级混合型证券投资基金A,84700,0.41%
SZ301261,博时卓越成长混合型证券投资基金A,13000,0.06%
SZ301131,全部合计,1100,0.00%
SZ301131,汇泉启元未来混合型发起式证券投资基金A,1100,0.00%
SZ300120,全部合计,92400,0.02%
SZ300120,东方量化成长灵活配置混合型证券投资基金A,92400,0.02%
SH600811,全部合计,2900,0.00%
SH600811,广发中证1000交易型开放式指数证券投资基金联接基金A,2900,0.00%
SZ002713,全部合计,14100,0.00%
SZ002713,华泰柏瑞锦瑞债券型证券投资基金A,14100,0.00%
SZ002689,全部合计,158.68万,0.15%
SZ002689,国泰君安量化选股混合型发起式证券投资基金A,158.68万,0.15%
SH605228,全部合计,684.73万,1.63%
SH605228,信澳智远三年持有期混合型证券投资基金A,265.23万,0.63%
SH605228,信澳新能源产业股票型证券投资基金,220.16万,0.52%
SH605228,上证综指交易型开放式指数证券投资基金,199.34万,0.47%
SH603155,全部合计,540.19万,2.39%
SH603155,国投瑞银境煊灵活配置混合型证券投资基金A,302.39万,1.34%
SH603155,国投瑞银美丽中国灵活配置混合型证券投资基金A,237.80万,1.05%
SH603920,全部合计,3003.98万,5.56%
SH603920,广发多因子灵活配置混合型证券投资基金,1055.41万,1.95%
SH603920,广发科技创新混合型证券投资基金A,605.48万,1.12%
SH603920,平安品质优选混合型证券投资基金A,323.40万,0.60%
SH603920,广发瑞誉一年持有期混合型证券投资基金A,248.30万,0.46%
SH603920,平安转型创新灵活配置混合型证券投资基金A,232.57万,0.43%
SH603920,平安策略优选1年持有期混合型证券投资基金A,205.26万,0.38%
SH603920,富国中证1000指数增强型证券投资基金(LOF)A,94.99万,0.18%
SH603920,广发成长领航一年持有期混合型证券投资基金A,91.75万,0.17%
SH603920,平安兴奕成长1年持有期混合型证券投资基金A,51.66万,0.10%
SH603920,华夏卓信一年定期开放债券型发起式证券投资基金,40.00万,0.07%
SH603920,广发东财大数据精选灵活配置混合型证券投资基金A,21.26万,0.04%
SH603920,平安策略回报混合型证券投资基金A,20.50万,0.04%
SH603920,建信社会责任混合型证券投资基金,96900,0.02%
SH603920,泓德智选启元混合型证券投资基金A,31300,0.01%
SH603920,人保稳进配置三个月持有期混合型基金中基金(FOF),4000,0.00%
SH603920,北信瑞丰丰利混合型证券投资基金,1800,0.00%
SH603320,全部合计,74.16万,0.57%
SH603320,建信中证500指数增强型证券投资基金A,74.16万,0.57%
SZ002373,全部合计,7014.37万,5.09%
SZ002373,华夏能源革新股票型证券投资基金A,6259.87万,4.54%
SZ002373,西部利得中证500指数增强型证券投资基金(LOF)A,289.93万,0.21%
SZ002373,西部利得量化成长混合型发起式证券投资基金A,171.95万,0.12%
SZ002373,招商中证500等权重指数增强型证券投资基金A,122.22万,0.09%
SZ002373,长信量化中小盘股票型证券投资基金,58.88万,0.04%
SZ002373,博时中证500指数增强型证券投资基金A,47.27万,0.03%
SZ002373,华安MSCI中国A股指数增强型证券投资基金,27.42万,0.02%
SZ002373,长信中证500指数增强型证券投资基金A,22.29万,0.02%
SZ002373,东方红启瑞三年持有期混合型证券投资基金A,13.92万,0.01%
SZ002373,博时恒享债券型证券投资基金A,6200,0.00%
SZ002373,嘉实中证软件服务交易型开放式指数证券投资基金联接基金A,3,0.00%
SZ301260,全部合计,482.72万,2.27%
SZ301260,农银汇理新能源主题灵活配置混合型证券投资基金A,224.12万,1.06%
SZ301260,东方红产业升级灵活配置混合型证券投资基金,182.32万,0.86%
SZ301260,鹏华优选成长混合型证券投资基金A,76.28万,0.36%
SZ002599,全部合计,238.51万,0.59%
SZ002599,鹏华弘鑫灵活配置混合型证券投资基金A,134.82万,0.34%
SZ002599,工银瑞信新生代消费灵活配置混合型证券投资基金,75.00万,0.19%
SZ002599,富国中证娱乐主题指数增强型证券投资基金(LOF)A,21.73万,0.05%
SZ002599,交银施罗德荣鑫灵活配置混合型证券投资基金A,56100,0.01%
SZ002599,天弘永裕稳健养老目标一年持有期混合型基金中基金(FOF)A,13500,0.00%
SZ300641,全部合计,126.26万,0.26%
SZ300641,国金量化精选混合型证券投资基金A,126.26万,0.26%
SZ001336,全部合计,80200,0.28%
SZ001336,诺安多策略混合型证券投资基金,78100,0.27%
SZ001336,汇泉启元未来混合型发起式证券投资基金A,2100,0.01%
SZ300012,全部合计,1.97亿,13.76%
SZ300012,嘉实新兴产业股票型证券投资基金,3477.81万,2.43%
SZ300012,易方达创业板交易型开放式指数证券投资基金,2960.60万,2.07%
SZ300012,嘉实核心成长混合型证券投资基金A,2847.18万,1.99%
SZ300012,广发稳健增长开放式证券投资基金A,2400.00万,1.68%
SZ300012,嘉实远见精选两年持有期混合型证券投资基金,2274.53万,1.59%
SZ300012,嘉实泰和混合型证券投资基金,1844.71万,1.29%
SZ300012,嘉实增长开放式证券投资基金,1093.67万,0.76%
SZ300012,嘉实瑞和两年持有期混合型证券投资基金,632.54万,0.44%
SZ300012,万家创业板2年定期开放混合型证券投资基金A,500.00万,0.35%
SZ300012,易方达中证长江保护主题交易型开放式指数证券投资基金,435.27万,0.30%
SZ300012,南方中证长江保护主题交易型开放式指数证券投资基金,435.24万,0.30%
SZ300012,广发集源债券型证券投资基金A,383.00万,0.27%
SZ300012,嘉实优势成长灵活配置混合型证券投资基金A,213.04万,0.15%
SZ300012,嘉实领先成长混合型证券投资基金,104.85万,0.07%
SZ300012,华夏创业板低波价值交易型开放式指数证券投资基金,72.04万,0.05%
SZ300012,东海中证社会发展安全产业主题指数型证券投资基金,10.79万,0.01%
SZ300012,广发招泰混合型证券投资基金A,60900,0.00%
SZ300012,中海增强收益债券型证券投资基金A类,60000,0.00%
SZ300012,农银汇理增强收益债券型证券投资基金A类,20000,0.00%
SZ300012,南方中证长江保护主题交易型开放式指数证券投资基金联接基金A,1100,0.00%
SZ300012,天弘创业板300交易型开放式指数证券投资基金发起式联接基金A,100,0.00%
SZ300580,全部合计,2451.44万,7.68%
SZ300580,鹏华新能源汽车主题混合型证券投资基金A,315.20万,0.99%
SZ300580,鹏华创新未来混合型证券投资基金(LOF),307.71万,0.96%
SZ300580,鹏华创新成长混合型证券投资基金A,307.71万,0.96%
SZ300580,中欧时代先锋股票型发起式证券投资基金A,299.48万,0.94%
SZ300580,鹏华沪深港新兴成长灵活配置混合型证券投资基金A,244.66万,0.77%
SZ300580,国寿安保智慧生活股票型证券投资基金,197.14万,0.62%
SZ300580,华富成长趋势混合型证券投资基金A,123.93万,0.39%
SZ300580,华富价值增长灵活配置混合型证券投资基金A,87.00万,0.27%
SZ300580,华富卓越成长一年持有期混合型证券投资基金A,68.13万,0.21%
SZ300580,财通资管消费精选灵活配置混合型证券投资基金A,67.40万,0.21%
SZ300580,财通资管臻享成长混合型证券投资基金A,55.32万,0.17%
SZ300580,华富匠心领航18个月持有期混合型证券投资基金A,49.62万,0.16%
SZ300580,鹏华碳中和主题混合型证券投资基金A,49.27万,0.15%
SZ300580,信澳中小盘混合型证券投资基金,41.14万,0.13%
SZ300580,华富成长企业精选股票型证券投资基金A,33.09万,0.10%
SZ300580,华富竞争力优选混合型证券投资基金A,30.24万,0.09%
SZ300580,华富天鑫灵活配置混合型证券投资基金A,25.59万,0.08%
SZ300580,华富科技动能混合型证券投资基金A,18.00万,0.06%
SZ300580,平安先进制造主题股票型发起式证券投资基金A,17.05万,0.05%
SZ300580,国泰价值远见混合型证券投资基金A,15.57万,0.05%
SZ300580,华宝安元债券型证券投资基金A,15.00万,0.05%
SZ300580,华富匠心明选一年持有期混合型证券投资基金A,13.27万,0.04%
SZ300580,鑫元清洁能源产业混合型发起式证券投资基金A,13.15万,0.04%
SZ300580,富安达长三角区域主题混合型发起式证券投资基金A,12.15万,0.04%
SZ300580,恒生前海沪港深新兴产业精选混合型证券投资基金,96300,0.03%
SZ300580,华泰柏瑞行业精选混合型证券投资基金A,65900,0.02%
SZ300580,中银证券新能源灵活配置混合型证券投资基金A,60000,0.02%
SZ300580,新疆前海联合研究优选灵活配置混合型证券投资基金A,56600,0.02%
SZ300580,鑫元行业轮动灵活配置混合型发起式证券投资基金A,51000,0.02%
SZ300580,华宝安悦一年持有期混合型证券投资基金A,30000,0.01%
SZ300580,恒生前海高端制造混合型证券投资基金A,26900,0.01%
SZ300580,华富物联世界灵活配置混合型证券投资基金A,19000,0.01%
SZ300580,中银信用增利债券型证券投资基金(LOF),17992,0.01%
SZ300580,西藏东财景气驱动混合型发起式证券投资基金A,16400,0.01%
SZ300580,格林伯锐灵活配置混合型证券投资基金A,6300,0.00%
SH688668,全部合计,233.42万,2.36%
SH688668,富国新兴产业股票型证券投资基金A,116.88万,1.18%
SH688668,银华心选一年持有期混合型证券投资基金A,37.56万,0.38%
SH688668,西藏东财数字经济优选混合型发起式证券投资基金A,27.00万,0.27%
SH688668,兴银科技增长1个月滚动持有期混合型证券投资基金A,10.27万,0.10%
SH688668,兴证资管金麒麟兴享优选一年持有期混合型集合资产管理计划B,80000,0.08%
SH688668,鑫元专精特新企业精选主题混合型证券投资基金A,60255,0.06%
SH688668,东吴新经济混合型证券投资基金A,51548,0.05%
SH688668,兴银策略智选混合型证券投资基金A,39019,0.04%
SH688668,新华中小市值优选混合型证券投资基金,36278,0.04%
SH688668,鑫元鑫新收益灵活配置混合型证券投资基金A,34726,0.04%
SH688668,鑫元行业轮动灵活配置混合型发起式证券投资基金A,32829,0.03%
SH688668,嘉合锦元回报混合型证券投资基金A,27484,0.03%
SH688668,嘉合磐石混合型证券投资基金A,23352,0.02%
SH688668,东吴阿尔法灵活配置混合型证券投资基金A,15833,0.02%
SH688668,平安中证2000增强策略交易型开放式指数证券投资基金,9900,0.01%
SH688668,富兰克林国海鑫颐收益混合型证券投资基金A,6000,0.01%
SZ002556,全部合计,2819.49万,2.99%
SZ002556,景顺长城中证红利低波动100交易型开放式指数证券投资基金,2072.97万,2.20%
SZ002556,天弘中证红利低波动100交易型开放式指数证券投资基金,732.13万,0.78%
SZ002556,中信证券信远一年持有期混合型集合资产管理计划A,13.39万,0.01%
SZ002556,华安证券合赢三个月持有期债券型集合资产管理计划,10000,0.00%
SZ002050,全部合计,4.10亿,11.11%
SZ002050,华泰柏瑞沪深300交易型开放式指数证券投资基金,2421.14万,0.66%
SZ002050,泉果旭源三年持有期混合型证券投资基金A,2141.94万,0.58%
SZ002050,易方达沪深300交易型开放式指数发起式证券投资基金,1678.11万,0.45%
SZ002050,广发多因子灵活配置混合型证券投资基金,1584.02万,0.43%
SZ002050,汇添富中证新能源汽车产业指数型发起式证券投资基金(LOF)A,1551.40万,0.42%
SZ002050,国泰智能汽车股票型证券投资基金A,1543.75万,0.42%
SZ002050,富国中证新能源汽车指数型证券投资基金A,1389.26万,0.38%
SZ002050,信澳新能源精选混合型证券投资基金A,1345.60万,0.36%
SZ002050,华夏中证新能源汽车交易型开放式指数证券投资基金,1200.22万,0.33%
SZ002050,富国天瑞强势地区精选混合型证券投资基金,978.91万,0.27%
SZ002050,建信新能源行业股票型证券投资基金A,804.13万,0.22%
SZ002050,广发国证新能源车电池交易型开放式指数证券投资基金,777.51万,0.21%
SZ002050,兴全合泰混合型证券投资基金A,696.98万,0.19%
SZ002050,诺德价值优势混合型证券投资基金,695.20万,0.19%
SZ002050,国泰中证全指家用电器交易型开放式指数证券投资基金,686.70万,0.19%
SZ002050,信澳星奕混合型证券投资基金A,595.04万,0.16%
SZ002050,平安中证新能源汽车产业交易型开放式指数证券投资基金,587.11万,0.16%
SZ002050,朱雀恒心一年持有期混合型证券投资基金,578.13万,0.16%
SZ002050,国泰智能装备股票型证券投资基金A,574.71万,0.16%
SZ002050,兴证全球合衡三年持有期混合型证券投资基金A,566.48万,0.15%
SZ002050,富国新材料新能源混合型证券投资基金A,519.47万,0.14%
SZ002050,民生加银成长优选股票型证券投资基金,500.00万,0.14%
SZ002050,朱雀产业臻选混合型证券投资基金A,484.22万,0.13%
SZ002050,国泰金鹰增长灵活配置混合型证券投资基金,476.95万,0.13%
SZ002050,兴证全球合瑞混合型证券投资基金A,476.04万,0.13%
SZ002050,富国清洁能源产业灵活配置混合型证券投资基金A,424.75万,0.12%
SZ002050,景顺长城科技创新混合型证券投资基金A,399.74万,0.11%
SZ002050,工银瑞信新能源汽车主题混合型证券投资基金A,398.68万,0.11%
SZ002050,国泰研究优势混合型证券投资基金A,380.09万,0.10%
SZ002050,景顺长城产业趋势混合型证券投资基金,379.68万,0.10%
SZ002050,东方红睿丰灵活配置混合型证券投资基金(LOF),379.66万,0.10%
SZ002050,民生加银策略精选灵活配置混合型证券投资基金A,350.00万,0.09%
SZ002050,汇添富环保行业股票型证券投资基金,329.22万,0.09%
SZ002050,广发中小盘精选混合型证券投资基金A,324.82万,0.09%
SZ002050,富兰克林国海潜力组合混合型证券投资基金A,320.00万,0.09%
SZ002050,朱雀企业优选股票型证券投资基金A,319.06万,0.09%
SZ002050,诺德周期策略混合型证券投资基金,312.47万,0.08%
SZ002050,鹏华新能源汽车主题混合型证券投资基金A,305.79万,0.08%
SZ002050,摩根动力精选混合型证券投资基金A,289.61万,0.08%
SZ002050,工银瑞信互联网加股票型证券投资基金,283.16万,0.08%
SZ002050,广发科技动力股票型证券投资基金,282.08万,0.08%
SZ002050,工银瑞信生态环境行业股票型证券投资基金A,277.43万,0.08%
SZ002050,汇添富成长精选混合型证券投资基金A,275.28万,0.07%
SZ002050,国泰金马稳健回报证券投资基金A,264.38万,0.07%
SZ002050,国泰国证新能源汽车指数证券投资基金(LOF)A,257.18万,0.07%
SZ002050,工银瑞信国证新能源车电池交易型开放式指数证券投资基金,253.47万,0.07%
SZ002050,国泰中证新能源汽车交易型开放式指数证券投资基金,247.75万,0.07%
SZ002050,国泰估值优势混合型证券投资基金(LOF)A,246.82万,0.07%
SZ002050,汇添富中证电池主题交易型开放式指数证券投资基金,237.23万,0.06%
SZ002050,天弘中证新能源汽车指数型发起式证券投资基金A,236.52万,0.06%
SZ002050,鹏扬先进制造混合型证券投资基金A,229.15万,0.06%
SZ002050,汇添富创新未来混合型证券投资基金(LOF),223.12万,0.06%
SZ002050,交银施罗德成长混合型证券投资基金A,214.44万,0.06%
SZ002050,建信兴润一年持有期混合型证券投资基金,209.61万,0.06%
SZ002050,富国中证电池主题交易型开放式指数证券投资基金,209.51万,0.06%
SZ002050,民生加银新动能一年定期开放混合型证券投资基金A,200.00万,0.05%
SZ002050,广发中证全指家用电器交易型开放式指数证券投资基金,196.59万,0.05%
SZ002050,西藏东财中证新能源汽车交易型开放式指数证券投资基金,193.60万,0.05%
SZ002050,富兰克林国海中国收益证券投资基金A,170.00万,0.05%
SZ002050,朱雀匠心一年持有期混合型证券投资基金,144.24万,0.04%
SZ002050,国泰成长优选混合型证券投资基金,141.66万,0.04%
SZ002050,国泰价值经典灵活配置混合型证券投资基金(LOF),141.47万,0.04%
SZ002050,建信健康民生混合型证券投资基金A,140.00万,0.04%
SZ002050,前海开源人工智能主题灵活配置混合型证券投资基金,138.87万,0.04%
SZ002050,交银施罗德蓝筹混合型证券投资基金,138.19万,0.04%
SZ002050,民生加银新兴产业混合型证券投资基金A,138.00万,0.04%
SZ002050,富安达优势成长混合型证券投资基金,137.47万,0.04%
SZ002050,建信沃信一年持有期混合型证券投资基金A,131.30万,0.04%
SZ002050,诺德价值发现一年持有期混合型证券投资基金,130.11万,0.04%
SZ002050,中银智能制造股票型证券投资基金A,117.64万,0.03%
SZ002050,建信环保产业股票型证券投资基金A,109.12万,0.03%
SZ002050,宏利睿智稳健灵活配置混合型证券投资基金A,107.10万,0.03%
SZ002050,永赢先进制造智选混合型发起式证券投资基金A,104.69万,0.03%
SZ002050,招商中证电池主题交易型开放式指数证券投资基金,98.94万,0.03%
SZ002050,招商中证新能源汽车指数型证券投资基金A,98.19万,0.03%
SZ002050,景顺长城沪港深领先科技股票型证券投资基金,98.13万,0.03%
SZ002050,融通新能源汽车主题精选灵活配置混合型证券投资基金A,97.27万,0.03%
SZ002050,信澳信用债债券型证券投资基金A,96.60万,0.03%
SZ002050,长城环保主题灵活配置混合型证券投资基金A,93.21万,0.03%
SZ002050,景顺长城融景产业机遇一年持有期混合型证券投资基金A,93.05万,0.03%
SZ002050,太平智行三个月定期开放混合型发起式证券投资基金,90.00万,0.02%
SZ002050,富兰克林国海优质企业一年持有期混合型证券投资基金A,90.00万,0.02%
SZ002050,博时智选量化多因子股票型证券投资基金A,89.57万,0.02%
SZ002050,嘉实中证新能源汽车指数证券投资基金A,89.41万,0.02%
SZ002050,国泰研究精选两年持有期混合型证券投资基金,88.43万,0.02%
SZ002050,太平丰盈一年定期开放债券型发起式证券投资基金,87.44万,0.02%
SZ002050,财通资管臻享成长混合型证券投资基金A,86.54万,0.02%
SZ002050,景顺长城国证新能源车电池交易型开放式指数证券投资基金,82.90万,0.02%
SZ002050,信澳博见成长一年定期开放混合型证券投资基金A,82.10万,0.02%
SZ002050,信澳产业升级混合型证券投资基金,80.46万,0.02%
SZ002050,建信稳定得利债券型证券投资基金A,80.04万,0.02%
SZ002050,长城远见成长混合型证券投资基金A,78.15万,0.02%
SZ002050,宝盈先进制造灵活配置混合型证券投资基金A,78.03万,0.02%
SZ002050,博时价值臻选两年持有期灵活配置混合型证券投资基金A,73.52万,0.02%
SZ002050,建信改革红利股票型证券投资基金A,72.96万,0.02%
SZ002050,富国汽车智选混合型证券投资基金A,69.48万,0.02%
SZ002050,汇添富中证新能源汽车产业交易型开放式指数证券投资基金,69.29万,0.02%
SZ002050,景顺长城远见成长混合型证券投资基金A,69.00万,0.02%
SZ002050,华富新能源股票型发起式证券投资基金A,65.00万,0.02%
SZ002050,华安中证新能源汽车交易型开放式指数证券投资基金,62.69万,0.02%
SZ002050,惠升优势企业一年持有期灵活配置混合型证券投资基金,60.01万,0.02%
SZ002050,太平智选一年定期开放股票型发起式证券投资基金,60.00万,0.02%
SZ002050,鹏扬景泰成长混合型发起式证券投资基金A,59.69万,0.02%
SZ002050,嘉实中证电池主题交易型开放式指数证券投资基金,58.00万,0.02%
SZ002050,摩根中小盘混合型证券投资基金A,56.46万,0.02%
SZ002050,宏利行业精选混合型证券投资基金A,55.29万,0.01%
SZ002050,平安稳健增长混合型证券投资基金A,52.77万,0.01%
SZ002050,信澳中小盘混合型证券投资基金,50.84万,0.01%
SZ002050,长城成长先锋混合型证券投资基金A,50.07万,0.01%
SZ002050,博时ESG量化选股混合型证券投资基金A,48.41万,0.01%
SZ002050,景顺长城品质投资混合型证券投资基金A,48.18万,0.01%
SZ002050,银华多元机遇混合型证券投资基金,47.07万,0.01%
SZ002050,朱雀碳中和三年持有期混合型发起式证券投资基金,46.53万,0.01%
SZ002050,富兰克林国海价值成长一年持有期混合型证券投资基金A,46.41万,0.01%
SZ002050,圆信永丰多策略精选混合型证券投资基金,45.81万,0.01%
SZ002050,鹏华核心优势混合型证券投资基金A,45.54万,0.01%
SZ002050,博时中证新能源汽车交易型开放式指数证券投资基金,45.10万,0.01%
SZ002050,海通核心优势一年持有期混合型集合资产管理计划B,44.20万,0.01%
SZ002050,富国中证全指家用电器交易型开放式指数证券投资基金,43.84万,0.01%
SZ002050,华泰柏瑞低碳经济智选混合型证券投资基金A,43.41万,0.01%
SZ002050,景顺长城睿成灵活配置混合型证券投资基金A,43.02万,0.01%
SZ002050,博道睿见一年持有期混合型证券投资基金,41.82万,0.01%
SZ002050,博时成长优选灵活配置混合型证券投资基金A,40.99万,0.01%
SZ002050,信澳产业优选一年持有期混合型证券投资基金A,39.94万,0.01%
SZ002050,民生加银新兴成长混合型证券投资基金,39.26万,0.01%
SZ002050,长城竞争优势六个月持有期混合型证券投资基金A,39.06万,0.01%
SZ002050,景顺长城优质成长股票型证券投资基金,37.36万,0.01%
SZ002050,长城久鼎灵活配置混合型证券投资基金A,35.52万,0.01%
SZ002050,民生加银科技创新混合型证券投资基金(LOF),35.00万,0.01%
SZ002050,南方平衡配置混合型证券投资基金,35.00万,0.01%
SZ002050,西藏东财国证龙头家电指数型发起式证券投资基金A,34.00万,0.01%
SZ002050,圆信永丰消费升级灵活配置混合型证券投资基金,33.35万,0.01%
SZ002050,东方红信用债债券型证券投资基金A,33.33万,0.01%
SZ002050,中信建投科技主题6个月持有期混合型证券投资基金A,33.00万,0.01%
SZ002050,兴银国证新能源车电池交易型开放式指数证券投资基金,32.15万,0.01%
SZ002050,建信互联网+产业升级股票型证券投资基金,31.58万,0.01%
SZ002050,摩根优势成长混合型证券投资基金A,30.17万,0.01%
SZ002050,富兰克林国海研究精选混合型证券投资基金A,27.00万,0.01%
SZ002050,华富科技动能混合型证券投资基金A,26.60万,0.01%
SZ002050,博时稳定价值债券投资基金(B类),24.15万,0.01%
SZ002050,湘财长弘灵活配置混合型证券投资基金A,23.34万,0.01%
SZ002050,大成中证电池主题指数型发起式证券投资基金A,23.26万,0.01%
SZ002050,华泰柏瑞成长智选混合型证券投资基金A,23.22万,0.01%
SZ002050,永赢高端制造混合型证券投资基金A,22.12万,0.01%
SZ002050,中银核心精选混合型证券投资基金A,21.81万,0.01%
SZ002050,中海积极增利灵活配置混合型证券投资基金,21.58万,0.01%
SZ002050,华夏智造升级混合型证券投资基金A,21.47万,0.01%
SZ002050,朱雀产业精选混合型证券投资基金A,20.64万,0.01%
SZ002050,国泰新经济灵活配置混合型证券投资基金A,20.40万,0.01%
SZ002050,景顺长城产业臻选一年持有期混合型证券投资基金A,20.31万,0.01%
SZ002050,嘉实制造升级股票型发起式证券投资基金A,19.82万,0.01%
SZ002050,建信国证新能源车电池交易型开放式指数证券投资基金,19.77万,0.01%
SZ002050,广发中证全指可选消费交易型开放式指数证券投资基金,19.68万,0.01%
SZ002050,太平消费升级一年持有期混合型证券投资基金A,19.00万,0.01%
SZ002050,华宝安元债券型证券投资基金A,18.00万,0.00%
SZ002050,圆信永丰弘阳股票型证券投资基金A,17.86万,0.00%
SZ002050,汇添富低碳投资一年持有期混合型证券投资基金A,17.17万,0.00%
SZ002050,嘉合锦鑫混合型证券投资基金A,16.91万,0.00%
SZ002050,鑫元清洁能源产业混合型发起式证券投资基金A,15.90万,0.00%
SZ002050,平安先进制造主题股票型发起式证券投资基金A,14.48万,0.00%
SZ002050,长城均衡成长混合型证券投资基金A,14.27万,0.00%
SZ002050,华宝中证智能电动汽车交易型开放式指数证券投资基金,13.21万,0.00%
SZ002050,红土创新智能制造混合型发起式证券投资基金,13.20万,0.00%
SZ002050,天弘国证龙头家电指数证券投资基金A,13.14万,0.00%
SZ002050,富安达长三角区域主题混合型发起式证券投资基金A,13.12万,0.00%
SZ002050,九泰锐智事件驱动灵活配置混合型证券投资基金(LOF),12.40万,0.00%
SZ002050,易方达中证智能电动汽车交易型开放式指数证券投资基金,11.85万,0.00%
SZ002050,景顺长城低碳科技主题灵活配置混合型证券投资基金,11.80万,0.00%
SZ002050,摩根创新商业模式灵活配置混合型证券投资基金A,11.76万,0.00%
SZ002050,博时国证龙头家电交易型开放式指数证券投资基金,11.39万,0.00%
SZ002050,国泰优势行业混合型证券投资基金A,11.26万,0.00%
SZ002050,新疆前海联合泓鑫灵活配置混合型证券投资基金A,10.95万,0.00%
SZ002050,同泰新能源优选1年持有期股票型证券投资基金A,10.88万,0.00%
SZ002050,中银新能源产业股票型证券投资基金A,10.07万,0.00%
SZ002050,国泰成长价值混合型证券投资基金A,89400,0.00%
SZ002050,富安达稳健配置6个月持有期混合型证券投资基金,88500,0.00%
SZ002050,景顺长城智能生活混合型证券投资基金,82200,0.00%
SZ002050,太平低碳经济混合型发起式证券投资基金A,80000,0.00%
SZ002050,信澳业绩驱动混合型证券投资基金A,74500,0.00%
SZ002050,泰康中证智能电动汽车交易型开放式指数证券投资基金,73800,0.00%
SZ002050,富兰克林国海强化收益债券型证券投资基金A,73569,0.00%
SZ002050,前海开源价值策略股票型证券投资基金,72800,0.00%
SZ002050,新疆前海联合研究优选灵活配置混合型证券投资基金A,66500,0.00%
SZ002050,同泰慧择混合型证券投资基金A,59900,0.00%
SZ002050,西藏东财量化精选混合型发起式证券投资基金A,58700,0.00%
SZ002050,九泰锐和18个月定期开放混合型证券投资基金,57620,0.00%
SZ002050,易方达中证家电龙头指数发起式证券投资基金A,55400,0.00%
SZ002050,天风天盈一年定期开放混合型集合资产管理计划,55000,0.00%
SZ002050,南华中证杭州湾区交易型开放式指数证券投资基金,54412,0.00%
SZ002050,嘉合稳健增长灵活配置混合型证券投资基金A,53200,0.00%
SZ002050,民生加银智造2025灵活配置混合型证券投资基金,52117,0.00%
SZ002050,华宝安悦一年持有期混合型证券投资基金A,50000,0.00%
SZ002050,建信泓利一年持有期债券型证券投资基金,47400,0.00%
SZ002050,嘉实中证全指家用电器指数型发起式证券投资基金A,47200,0.00%
SZ002050,西部利得汇逸债券型证券投资基金A,34900,0.00%
SZ002050,南方中证电池主题指数发起式证券投资基金A,33100,0.00%
SZ002050,万家国证新能源车电池指数型发起式证券投资基金A,30100,0.00%
SZ002050,国泰可转债债券型证券投资基金,30000,0.00%
SZ002050,华富国潮优选混合型发起式证券投资基金A,29300,0.00%
SZ002050,贝莱德欣悦丰利债券型证券投资基金A,27500,0.00%
SZ002050,中欧数字经济混合型发起式证券投资基金A,26500,0.00%
SZ002050,中银信用增利债券型证券投资基金(LOF),23886,0.00%
SZ002050,汇添富中证电池主题交易型开放式指数证券投资基金发起式联接基金A,20900,0.00%
SZ002050,中欧瑾灵灵活配置混合型证券投资基金A,20300,0.00%
SZ002050,贝莱德浦悦丰利一年持有期混合型证券投资基金A,18100,0.00%
SZ002050,安信工业4.0主题沪港深精选灵活配置混合型证券投资基金A,16900,0.00%
SZ002050,西藏东财景气驱动混合型发起式证券投资基金A,16000,0.00%
SZ002050,中信建投质选成长混合型发起式证券投资基金A,15500,0.00%
SZ002050,浦银安盛中证智能电动汽车交易型开放式指数证券投资基金,13700,0.00%
SZ002050,格林伯锐灵活配置混合型证券投资基金A,13100,0.00%
SZ002050,泓德汽车产业升级混合型发起式证券投资基金A,11900,0.00%
SZ002050,富兰克林国海健康优质生活股票型证券投资基金,10000,0.00%
SZ002050,广发国证新能源车电池交易型开放式指数证券投资基金发起式联接基金A,7000,0.00%
SZ002050,嘉实中证电池主题交易型开放式指数证券投资基金发起式联接基金A,100,0.00%
SZ002452,全部合计,1685.02万,3.27%
SZ002452,富国天惠精选成长混合型证券投资基金(LOF)A,750.31万,1.45%
SZ002452,华夏行业景气混合型证券投资基金,438.44万,0.85%
SZ002452,富国新活力灵活配置混合型发起式证券投资基金A,186.45万,0.36%
SZ002452,富国洞见价值股票型证券投资基金A,143.37万,0.28%
SZ002452,华夏智胜价值成长股票型发起式证券投资基金A,104.34万,0.20%
SZ002452,国联价值成长6个月持有期混合型证券投资基金A,56.10万,0.11%
SZ002452,华夏中证800指数增强型证券投资基金A,34000,0.01%
SZ002452,交银施罗德优享一年持有期混合型基金中基金(FOF)A,26100,0.01%
SH603003,全部合计,228.71万,0.57%
SH603003,大成中证360互联网+大数据100指数型证券投资基金A,227.26万,0.56%
SH603003,申万菱信智能生活量化选股混合型发起式证券投资基金A,14500,0.00%
SZ301169,全部合计,279.48万,9.94%
SZ301169,信澳核心科技混合型证券投资基金A,196.02万,6.97%
SZ301169,信澳智远三年持有期混合型证券投资基金A,27.23万,0.97%
SZ301169,信澳先进智造股票型证券投资基金,25.81万,0.92%
SZ301169,信澳领先智选混合型证券投资基金,20.99万,0.75%
SZ301169,信澳聚优智选混合型证券投资基金A,51900,0.18%
SZ301169,招商惠润一年定期开放混合型发起式管理人中管理人(MOM)证券投资基金A,36600,0.13%
SZ301169,金信量化精选灵活配置混合型发起式证券投资基金A,5800,0.02%
SH603377,全部合计,33300,0.00%
SH603377,泰康中证1000指数增强型发起式证券投资基金A,33300,0.00%
SH603197,全部合计,1755.54万,8.35%
SH603197,申万菱信新能源汽车主题灵活配置混合型证券投资基金,233.22万,1.11%
SH603197,广发制造业精选混合型证券投资基金A,218.08万,1.04%
SH603197,广发稳健回报混合型证券投资基金A,195.42万,0.93%
SH603197,华夏新能源车龙头混合型发起式证券投资基金A,137.47万,0.65%
SH603197,招商移动互联网产业股票型证券投资基金A,118.95万,0.57%
SH603197,长城久富核心成长混合型证券投资基金(LOF)A,105.00万,0.50%
SH603197,博时裕隆灵活配置混合型证券投资基金A,103.65万,0.49%
SH603197,长城产业趋势混合型证券投资基金A,78.53万,0.37%
SH603197,申万菱信乐同混合型证券投资基金A,76.38万,0.36%
SH603197,金信深圳成长灵活配置混合型发起式证券投资基金A,65.10万,0.31%
SH603197,光大保德信中国制造2025灵活配置混合型证券投资基金A,52.48万,0.25%
SH603197,光大保德信新增长混合型证券投资基金A,51.54万,0.25%
SH603197,广发新兴产业精选灵活配置混合型证券投资基金A,47.90万,0.23%
SH603197,招商科技创新混合型证券投资基金A,45.05万,0.21%
SH603197,申万菱信智能汽车股票型证券投资基金A,30.19万,0.14%
SH603197,申万菱信兴乐优选混合型证券投资基金A,30.00万,0.14%
SH603197,广发趋势优选灵活配置混合型证券投资基金A,27.50万,0.13%
SH603197,广发睿盛混合型证券投资基金A,27.48万,0.13%
SH603197,广发恒信一年持有期混合型证券投资基金A,25.00万,0.12%
SH603197,申万菱信乐成混合型证券投资基金A,19.92万,0.09%
SH603197,长城产业臻选混合型证券投资基金A,14.90万,0.07%
SH603197,广发恒隆一年持有期混合型证券投资基金A,80000,0.04%
SH603197,创金合信ESG责任投资股票型发起式证券投资基金A,74100,0.04%
SH603197,广发聚宝混合型证券投资基金A,60000,0.03%
SH603197,富安达长三角区域主题混合型发起式证券投资基金A,55700,0.03%
SH603197,长城新兴产业灵活配置混合型证券投资基金A,41800,0.02%
SH603197,广发恒荣三个月持有期混合型证券投资基金A,40000,0.02%
SH603197,中海魅力长三角灵活配置混合型证券投资基金,38840,0.02%
SH603197,永赢鑫欣混合型证券投资基金A,30000,0.01%
SH603197,博时恒元6个月持有期混合型证券投资基金A,26500,0.01%
SH603197,广发恒誉混合型证券投资基金A,25000,0.01%
SH603197,博时恒润6个月持有期混合型证券投资基金A,13500,0.01%
SH603197,鹏华金城灵活配置混合型证券投资基金,11900,0.01%
SH603197,国泰安康定期支付混合型证券投资基金A,10000,0.00%
SH603197,国泰君安创新成长混合型发起式证券投资基金A,8700,0.00%
SH603197,新疆前海联合先进制造灵活配置混合型证券投资基金A,1800,0.00%
SH603596,全部合计,4760.48万,11.01%
SH603596,易方达供给改革灵活配置混合型证券投资基金,1085.55万,2.51%
SH603596,景顺长城新能源产业股票型证券投资基金A,430.05万,0.99%
SH603596,易方达稳健收益债券型证券投资基金A,409.86万,0.95%
SH603596,中证500交易型开放式指数证券投资基金,332.93万,0.77%
SH603596,长城久富核心成长混合型证券投资基金(LOF)A,239.18万,0.55%
SH603596,泓德瑞兴三年持有期混合型证券投资基金,231.63万,0.54%
SH603596,易方达新丝路灵活配置混合型证券投资基金,210.74万,0.49%
SH603596,长城产业趋势混合型证券投资基金A,177.84万,0.41%
SH603596,泓德优势领航灵活配置混合型证券投资基金,137.30万,0.32%
SH603596,泓德研究优选混合型证券投资基金,129.18万,0.30%
SH603596,易方达创新驱动灵活配置混合型证券投资基金,120.49万,0.28%
SH603596,富国清洁能源产业灵活配置混合型证券投资基金A,113.43万,0.26%
SH603596,泓德优选成长混合型证券投资基金,98.04万,0.23%
SH603596,长盛创新驱动灵活配置混合型证券投资基金A,68.00万,0.16%
SH603596,泰康创新成长混合型证券投资基金A,58.67万,0.14%
SH603596,海富通精选证券投资基金,52.61万,0.12%
SH603596,平安新鑫先锋混合型证券投资基金A,51.16万,0.12%
SH603596,泓德瑞嘉三年持有期混合型证券投资基金A,50.37万,0.12%
SH603596,长盛高端装备制造灵活配置混合型证券投资基金A,48.43万,0.11%
SH603596,易方达瑞程灵活配置混合型证券投资基金A,35.52万,0.08%
SH603596,长盛同盛成长优选灵活配置混合型证券投资基金(LOF),34.53万,0.08%
SH603596,东吴新能源汽车股票型证券投资基金A,34.00万,0.08%
SH603596,华夏成长精选6个月定期开放混合型发起式证券投资基金A,33.83万,0.08%
SH603596,长城产业臻选混合型证券投资基金A,33.53万,0.08%
SH603596,泰康产业升级混合型证券投资基金A,33.05万,0.08%
SH603596,平安研究优选混合型证券投资基金A,31.67万,0.07%
SH603596,泰康优势精选三年持有期混合型证券投资基金,30.55万,0.07%
SH603596,长盛生态环境主题灵活配置混合型证券投资基金,29.91万,0.07%
SH603596,鑫元欣享灵活配置混合型证券投资基金A,28.62万,0.07%
SH603596,海富通消费核心资产混合型证券投资基金A,24.01万,0.06%
SH603596,广发资管平衡精选一年持有混合型集合资产管理计划A,23.03万,0.05%
SH603596,海富通内需热点混合型证券投资基金,19.77万,0.05%
SH603596,长盛新兴成长主题灵活配置混合型证券投资基金,18.46万,0.04%
SH603596,汇添富民营新动力股票型证券投资基金,18.26万,0.04%
SH603596,海富通精选贰号混合型证券投资基金,17.98万,0.04%
SH603596,建信智能汽车股票型证券投资基金,17.82万,0.04%
SH603596,长盛制造精选混合型证券投资基金A,14.19万,0.03%
SH603596,博道明远混合型证券投资基金A,13.66万,0.03%
SH603596,东方红信用债债券型证券投资基金A,13.21万,0.03%
SH603596,鑫元欣悦混合型证券投资基金A,12.81万,0.03%
SH603596,东方红锦丰优选两年定期开放混合型证券投资基金,11.10万,0.03%
SH603596,鑫元添鑫回报6个月持有期混合型证券投资基金A,10.39万,0.02%
SH603596,长城优化升级混合型证券投资基金A,10.28万,0.02%
SH603596,华富强化回报债券型证券投资基金,10.00万,0.02%
SH603596,长城新兴产业灵活配置混合型证券投资基金A,94700,0.02%
SH603596,平安双季增享6个月持有期债券型证券投资基金A,94131,0.02%
SH603596,鑫元科技创新主题混合型证券投资基金A,85000,0.02%
SH603596,长盛创新先锋灵活配置混合型证券投资基金A,79800,0.02%
SH603596,东方红招盈甄选一年持有期混合型证券投资基金A,76623,0.02%
SH603596,平安研究精选混合型证券投资基金A,70600,0.02%
SH603596,鑫元长三角区域主题混合型证券投资基金A,69500,0.02%
SH603596,东方红多元策略混合型证券投资基金A,67500,0.02%
SH603596,鑫元安鑫回报混合型证券投资基金A,54000,0.01%
SH603596,东方红6个月持有期债券型证券投资基金A,51842,0.01%
SH603596,万家瑞祥灵活配置混合型证券投资基金A,47000,0.01%
SH603596,同泰新能源优选1年持有期股票型证券投资基金A,46000,0.01%
SH603596,财通资管新能源汽车混合型发起式证券投资基金A,46000,0.01%
SH603596,万家瑞泽回报一年持有期混合型证券投资基金,43500,0.01%
SH603596,平安新鑫优选混合型证券投资基金A,43500,0.01%
SH603596,平安沪深300指数量化增强证券投资基金A,43100,0.01%
SH603596,达诚宜创精选混合型证券投资基金A,42300,0.01%
SH603596,东方红价值精选混合型证券投资基金A,41200,0.01%
SH603596,达诚成长先锋混合型证券投资基金A,41100,0.01%
SH603596,长盛盛世灵活配置混合型证券投资基金A,35100,0.01%
SH603596,达诚策略先锋混合型证券投资基金A,33600,0.01%
SH603596,英大策略优选混合型证券投资基金A,31200,0.01%
SH603596,英大睿鑫灵活配置混合型证券投资基金A,30400,0.01%
SH603596,中海魅力长三角灵活配置混合型证券投资基金,22800,0.01%
SH603596,平安安享灵活配置混合型证券投资基金A,21400,0.01%
SH603596,长盛安泰一年持有期混合型证券投资基金A,20000,0.00%
SH603596,永赢新能源智选混合型发起式证券投资基金A,20000,0.00%
SH603596,长盛安悦一年持有期混合型证券投资基金A,20000,0.00%
SH603596,恒生前海消费升级混合型证券投资基金,20000,0.00%
SH603596,金元顺安成长动力灵活配置混合型证券投资基金,19400,0.00%
SH603596,达诚价值先锋灵活配置混合型证券投资基金A,18800,0.00%
SH603596,长盛鑫盛稳健一年持有期混合型证券投资基金A,18000,0.00%
SH603596,平安深证300指数增强型证券投资基金,17000,0.00%
SH603596,万家瑞和灵活配置混合型证券投资基金A,14000,0.00%
SH603596,博道安远6个月持有期混合型证券投资基金,12200,0.00%
SH603596,长盛安睿一年持有期混合型证券投资基金A,12000,0.00%
SH603596,人保双利优选混合型证券投资基金A,10800,0.00%
SH603596,人保优势产业混合型证券投资基金A,7600,0.00%
SH603596,国联安双佳信用债券型证券投资基金(LOF),4783,0.00%
SH603596,长盛稳怡添利债券型证券投资基金A,4500,0.00%
SH603596,海通鑫诚六个月持有期债券型集合资产管理计划C,4100,0.00%
SH603596,华富益鑫灵活配置混合型证券投资基金A,3500,0.00%
SH603596,鹏华养老目标日期2035三年持有期混合型基金中基金(FOF)A,2900,0.00%
SH603596,新疆前海联合先进制造灵活配置混合型证券投资基金A,2600,0.00%
SH603596,华富恒利债券型证券投资基金A,1900,0.00%
SH603596,太平安元债券型证券投资基金A,1600,0.00%
SH603596,鹏华长治稳健养老目标一年持有期混合型基金中基金(FOF)A,700,0.00%
SH603730,全部合计,4506.50万,3.54%
SH603730,广发稳健增长开放式证券投资基金A,1720.00万,1.35%
SH603730,广发优企精选灵活配置混合型证券投资基金A,874.59万,0.69%
SH603730,广发价值增长混合型证券投资基金A,792.80万,0.62%
SH603730,广发行业领先混合型证券投资基金A,564.56万,0.44%
SH603730,广发睿阳三年定期开放混合型证券投资基金,290.00万,0.23%
SH603730,广发价值驱动混合型证券投资基金A,187.26万,0.15%
SH603730,广发逆向策略灵活配置混合型证券投资基金A,77.30万,0.06%
SH603312,全部合计,2125,0.01%
SH603312,永赢沪深300指数型发起式证券投资基金A,1296,0.00%
SH603312,平安MSCI中国A股低波动交易型开放式指数证券投资基金,699,0.00%
SH603312,南方上证科创板100交易型开放式指数证券投资基金,130,0.00%
SZ301291,全部合计,1284.60万,17.90%
SZ301291,淳厚信睿核心精选混合型证券投资基金A,263.03万,3.67%
SZ301291,长信金利趋势混合型证券投资基金A,210.12万,2.93%
SZ301291,广发多因子灵活配置混合型证券投资基金,132.91万,1.85%
SZ301291,嘉实主题新动力混合型证券投资基金,116.28万,1.62%
SZ301291,嘉实研究精选混合型证券投资基金A,91.13万,1.27%
SZ301291,平安睿享文娱灵活配置混合型证券投资基金A,85.55万,1.19%
SZ301291,嘉实逆向策略股票型证券投资基金,72.48万,1.01%
SZ301291,嘉实策略精选混合型证券投资基金A,71.95万,1.00%
SZ301291,嘉实成长增强灵活配置混合型证券投资基金,62.45万,0.87%
SZ301291,淳厚欣享一年持有期混合型证券投资基金A,58.64万,0.82%
SZ301291,南方创业板2年定期开放混合型证券投资基金,34.56万,0.48%
SZ301291,民生加银积极成长混合型发起式证券投资基金,33.80万,0.47%
SZ301291,富国洞见价值股票型证券投资基金A,24.62万,0.34%
SZ301291,嘉实多元动力混合型证券投资基金A,12.37万,0.17%
SZ301291,民生加银新战略灵活配置混合型证券投资基金A,66800,0.09%
SZ301291,嘉实成长驱动混合型证券投资基金A,32300,0.04%
SZ301291,华宝绿色主题混合型证券投资基金A,20400,0.03%
SZ301291,淳厚添益增强债券型证券投资基金A,16000,0.02%
SZ301291,华夏沪深300指数增强型证券投资基金A,10254,0.01%
SZ301291,创金合信中证红利低波动指数发起式证券投资基金A,1206,0.00%
SZ002384,全部合计,5493.32万,3.95%
SZ002384,中证500交易型开放式指数证券投资基金,1619.44万,1.16%
SZ002384,睿远成长价值混合型证券投资基金A,1409.27万,1.01%
SZ002384,汇丰晋信大盘股票型证券投资基金A,670.60万,0.48%
SZ002384,汇丰晋信新动力混合型证券投资基金A,627.51万,0.45%
SZ002384,摩根行业睿选股票型证券投资基金A,273.16万,0.20%
SZ002384,摩根阿尔法混合型证券投资基金A,143.90万,0.10%
SZ002384,摩根核心成长股票型证券投资基金A,138.46万,0.10%
SZ002384,汇添富民营新动力股票型证券投资基金,102.07万,0.07%
SZ002384,中证500信息技术指数交易型开放式指数证券投资基金,72.13万,0.05%
SZ002384,广发趋势优选灵活配置混合型证券投资基金A,70.00万,0.05%
SZ002384,汇添富6月红添利定期开放债券型证券投资基金A,41.52万,0.03%
SZ002384,广发集益一年持有期债券型证券投资基金A,40.00万,0.03%
SZ002384,广发集悦债券型证券投资基金A,26.65万,0.02%
SZ002384,新疆前海联合产业趋势混合型证券投资基金A,21.73万,0.02%
SZ002384,广发恒隆一年持有期混合型证券投资基金A,20.00万,0.01%
SZ002384,广发聚宝混合型证券投资基金A,20.00万,0.01%
SZ002384,汇添富稳健盈和一年持有期混合型证券投资基金,18.31万,0.01%
SZ002384,天弘多元增利债券型证券投资基金A,17.48万,0.01%
SZ002384,天弘多元锐选一年持有期混合型证券投资基金A,16.73万,0.01%
SZ002384,诺安恒鑫混合型证券投资基金,15.00万,0.01%
SZ002384,广发安颐一年持有期混合型证券投资基金A,14.58万,0.01%
SZ002384,恒生前海沪港深新兴产业精选混合型证券投资基金,14.01万,0.01%
SZ002384,广发恒阳一年持有期混合型证券投资基金A,12.93万,0.01%
SZ002384,前海开源价值策略股票型证券投资基金,12.05万,0.01%
SZ002384,广发恒荣三个月持有期混合型证券投资基金A,10.00万,0.01%
SZ002384,红塔红土盛弘灵活配置混合型发起式证券投资基金A,10.00万,0.01%
SZ002384,汇丰晋信2026生命周期证券投资基金,97400,0.01%
SZ002384,红塔红土新能源主题精选股票型证券投资基金A,90017,0.01%
SZ002384,渤海汇金创新价值一年持有期混合型发起式证券投资基金,90000,0.01%
SZ002384,广发恒誉混合型证券投资基金A,80000,0.01%
SZ002384,广发对冲套利定期开放混合型发起式证券投资基金,39000,0.00%
SZ002384,广发养老目标日期2035三年持有期混合型发起式基金中基金(FOF)A,35100,0.00%
SZ002384,广发鑫源灵活配置混合型证券投资基金A,28600,0.00%
SZ002384,恒生前海高端制造混合型证券投资基金A,28100,0.00%
SZ002384,汇添富中证500增强策略交易型开放式指数证券投资基金,26000,0.00%
SZ002384,南方中证500信息技术指数交易型开放式指数证券投资基金发起式联接基金A,18500,0.00%
SZ002384,广发养老目标日期2060五年持有期混合型发起式基金中基金(FOF),13000,0.00%
SZ002384,新疆前海联合先进制造灵活配置混合型证券投资基金A,12000,0.00%
SZ002384,招商中证消费电子主题交易型开放式指数证券投资基金联接基金A,100,0.00%
