名字,英文名,攻略数,点评数,好评率,简介
故宫博物院,ThePalaceMuseum,235,31362,96%,世界五大宫之首，是中国明清两代的皇家宫殿。
八达岭长城,BadalingGreatWall,124,13666,94%,“不到长城非好汉”，这里是长城的精华部分。
颐和园,SummerPalace,177,15052,94%,被誉为“皇家园林博物馆”，参观园林，泛舟昆明湖。
前门大街,QianmenStreet,58,2992,92%,京味十足的商业老街，各类小吃让人大快朵颐！
什刹海,Shichahai,77,3674,94%,历史街区簇拥的优雅湖泊，环境优美，也是北京夜生活的核心地带。
天安门广场,TiananmenSquare,127,7581,96%,伟大祖国的标志，早起看一场庄严肃穆的升旗仪式，瞻仰人民英雄纪念碑。
慕田峪长城,MutianyuGreatWall,29,4147,96%,慕田峪是长城里的一枝独秀，其危岭雄关是长城险要气势的代表。
圆明园,YuanmingyuanPark,101,5241,94%,古老中国最深的一道伤疤，通过断壁残垣寻找当年帝国的辉煌掠影。
古北水镇,GubeiWaterTown,46,3460,94%,京郊少见的北方水镇，建筑古韵十足，泡温泉、登长城。
水立方(国家游泳中心),WaterCube(NationalAquaticsCenter),73,2737,90%,建筑外观独特，夜晚灯光美轮美奂，适合拍摄夜景。
南锣鼓巷,Nanluoguxiang,155,4062,90%,老北京胡同与小资情调结合，文艺青年的必逛之地。
明十三陵,MingTombs,48,2373,90%,规模庞大、保存完好的皇家陵园，了解古代帝王陵墓建筑必去。
天坛,TempleofHeaven,102,5088,94%,明清时期皇帝祭天之处，建筑精巧奇特，还可以参观祭天仪式表演。
恭王府,PrinceKung'sPalaceMuseum,76,3317,94%,曾经和珅的宅邸，也是如今保存完整的王府。
北京野生动物园,BeijingWildlifePark,5,2830,94%,开放式的动物园，坐在铁笼车里近距离给动物喂食，趣味十足。
北京动物园,BeijingZoo,30,2557,90%,规模巨大，珍贵动物种类繁多，亲子游玩的必选去处。
北京杜莎夫人蜡像馆,MadameTussaudsBeijing,4,1515,94%,蜡像造型逼真，可以与奥巴马、梦露、周杰伦等名人“亲密合影”。
北海公园,BeihaiPark,66,2952,94%,“让我们荡起双桨”中歌唱的地方，白塔树木湖水相依，静谧优美。
景山公园,JingshanPark,115,2276,94%,崇祯皇帝自缢处，现在则是俯瞰、拍摄故宫全景的最佳地点。
清华大学,TsinghuaUniversity,54,1624,94%,赏水木清华之美景，品百年名校之韵味。
北京大学,PekingUniversity,75,1808,94%,中国的知名学府，校园曾经是皇家园林。
十渡风景名胜区,ShiduScenicArea,18,946,90%,戏水漂流×高山峡谷×游乐项目，京郊周末放松休闲的绝佳胜地！
北京世园公园,"WorldHorticulturalExpositioninBeijing,China",1,1061,92%,-
中国国家博物馆,NationalMuseumofChina,59,1445,98%,超大的博物馆，四羊方尊、司母戊鼎等众多国宝所在地。
香山公园,FragrantHillsPark,48,2040,94%,漫山红叶驰名中外，来此感受京城最美秋色。
中央广播电视塔,CCTVTower,5,954,90%,乘坐电梯登上塔顶观光台，俯瞰北京城市美景，夜晚时尤其美丽。
定陵,Dingling,18,693,90%,-
世界花卉大观园,WorldFlowerGarden,2,925,92%,观赏世界各地的花朵和植物，适合带老人和小孩一起全家出游。
司马台长城,SimataiGreatWall,32,844,94%,我国唯一一段保留明长城原貌的古长城，秋天来在这里，可以看到满山的红叶。
雍和宫,YongheTemple,53,1112,94%,乾隆皇帝的出生地，北京知名的藏传佛教寺院，香火极旺。
北京大观园,GrandViewGarden,10,1019,92%,87央视版《红楼梦》的取景地，感受红楼文化，欣赏雅致风景。
北京汽车博物馆,BeijingAutoMuseum,1,1141,94%,参观众多古老汽车原型，还可以参加模拟赛车、汽车设计等游戏。
石林峡,ShilinGorge,6,679,90%,京郊罕见的石林峡谷，可以观看陡峭奇幻的地貌风光。
玉渊潭公园,YuyuantanPark,27,1247,94%,北京的赏樱胜地和放松佳处，林中小憩或泛舟湖上都让人心旷神怡。
798艺术区,798ArtZone,58,1265,90%,厂房改造的艺术中心，雕塑、画廊、特色店铺等文艺范十足。
北京海洋馆,BeijingAquarium,5,1146,88%,世界最大的内陆水族馆，有上千种水族动物，亲子游好去处。
奥林匹克森林公园,AolinpikeForestPark,28,747,100%,-
富国海底世界,FuguoSeaWorld,4,739,82%,这是国内目前最大人工“海底世界”之一，生物种类丰富，还有精彩表演。
潭柘寺,TanzheTemple,12,875,94%,千年古刹、珍稀古木、著名古迹齐聚，是京城附近的拜佛胜地。
湖南园（北京世界园艺博览会）,-,0,320,0%,引领世人将湖湘文化向深处漫游。
甘肃园(北京世界园艺博览会),-,0,296,0%,再现反弹琵琶、莫高窟九间楼，展现绚丽多彩的甘肃丝路画卷。
太平洋海底世界,BeijingUnderwaterWorldExhibition,2,680,88%,近距离观赏各种美丽的海洋生物和表演，探索神奇梦幻的海底世界。
八达岭野生动物世界,BadalingWildlifeWorld,1,845,82%,亲子游推荐，园内有上百种动物，自驾游玩还能与动物近距离接触。
龙庆峡,LongqingGorge,12,725,90%,京郊夏季休闲避暑的胜地，每年冬季的冰灯展也非常壮观。
居庸关长城,JuyongguanGreatWall,15,872,96%,和“天下第一雄关”匾额合影，欣赏京城八景之一“居庸叠翠”。
玉渡山景区,YuduMountainNaturalScenicArea,10,430,92%,北京地区一块鲜为人知的胜景，现代人回归大自然最好的选择。
天安门城楼,TiananmenRostrum,93,687,94%,登上城楼，俯瞰长安街和天安门广场。
张裕爱斐堡酒庄,BeijingChateauChangyuAfipGlobal,4,528,92%,京郊红酒庄，可以体验制作红酒，还可以在欧式风情庄园里拍照留念。
烟袋斜街,YandaixieStreet,45,682,90%,京味儿十足的一条繁华老街，逛逛钟表铺、毛笔铺、老字号小吃店。
雁栖湖,Yanqihu,16,679,88%,清新自然的山水风光中，体验众多水上娱乐项目，周末郊游好去处。
后海公园,HouhaiPark,40,656,94%,什刹海的组成部分，白天胡同京味十足，夜晚酒吧霓虹闪烁。
黄花城水长城,HuanghuachengLakesideGreatWall,9,516,94%,拥有全国仅有的“长城戏水”奇观，每到夏季黄花绽放，景色秀美。
北京凤凰岭景区,FenghuanglingNaturalScenicArea,8,547,92%,游山玩水，拜访宗教古刹，有“京西小黄山”之称。
毛主席纪念堂,ChairmanMaoMemorialHall,27,335,92%,瞻仰开国伟人的遗容，了解第一代革命家的丰功伟绩。
故宫珍宝馆,TheAntiquariumofThePalaceMuseum,8,441,96%,珍宝馆内装饰华丽，乾隆、慈禧曾居住在这，现作为故宫精品文物展馆。
北京国际鲜花港,BeijingInternationalFlowerPort,3,622,92%,不同季节有相应的花卉节日，是京郊赏花的好去处。
十渡孤山寨,ShiduGushanVillage,15,343,90%,-
纪晓岚故居,TheFormerResidenceofJiXiaolan,4,325,86%,院内 的百年古藤罗很有名气，阅微草堂更加值得观赏。
野鸭湖国家湿地公园,BeijingWildDuckLakeNationalWetlandPark,8,442,90%,湿地、芦苇荡景致清新，还可以带小朋友来喂野鸭。
天云山风景区,TianyunMountainScenicArea,1,309,90%,-
北京园博园,BeijingGardenExpoPark,1,561,92%,汇集国内外各类园林，历史文化氛围浓郁，花开四季不断。
首都博物馆,CapitalMuseum,9,773,96%,这里展示了北京三千年的建城史和八百年的建都史，你还能看到老北京的各种生活习俗。
中华民族博物院,ChinaEthnicCulture,2,386,90%,参观各民族特色建筑，欣赏民俗表演，穿民族服装拍照留念。
中山公园,ZhongshanPark,18,475,94%,春天赏郁金香，秋季看银杏，园内还有明清皇帝用来祭祀的社稷坛。
陶然亭公园,TaorantingPark,14,710,94%,公园内湖水与树木相依，可以观赏著名的陶然亭和仿建的全国各地名亭。
中国科学技术馆,ChinaScienceandTechnologyMuseum,17,807,92%,有适合小朋友的科学乐园，还有全世界最大的球幕影院。
中国航空博物馆,ChinaAviationMuseum,5,336,92%,馆藏丰富，各个款式型号的飞机琳琅满目，军事爱好者不容错过。
八大处公园,BadachuPark,3,602,96%,京郊拜佛祈福的胜地，有多处历史悠久的佛教寺院，秋天还能观赏漂亮的红叶和银杏叶。
红螺寺,HongluoTemple,8,604,96%,“南有普陀，北有红螺”自古便是北京地区祈福的胜地。
蟒山国家森林公园,MangshanForestPark,1,383,88%,秋天山间树叶红黄相间，风光优美，登顶后还可以远望北京城。
观复博物馆,GuanfuMuseum,1,310,96%,值得一逛的私人博物馆，常年举办各类展览。
中国人民革命军事博物馆,ChinesePeople'sRevolutionaryMilitaryMuseum,6,435,94%,陈列了众多武器装备，还能观看大型主题展览，军事历史迷必去。
北宫国家森林公园,BeigongNationalForestPark,10,434,92%,北京赏枫的热门地点，登上望京亭，可以眺望北京全景。
桃源仙谷自然风景区,TaoyuanXianguNaturalScenicArea,2,279,88%,夏季登山观景、避暑纳凉，冬天可以看到壮观美丽的冰川瀑布。
紫竹院公园,PurpleBambooPark,6,602,94%,园内竹林茂密，夏日泛舟荷花池，清香阵阵，凉风习习，十分惬意。
北京平谷金海湖,BeijingPingguJinhaiLake,11,347,86%,夏季参加丰富多彩的水上项目，秋天乘船欣赏沿岸漫山遍野的红叶。
北京喇叭沟原始森林公园,LabagouNationalForestPark,4,319,88%,北京保存最好的原始森林，春天看杜鹃花，秋天赏红叶。
朝阳公园,ChaoyangPark,5,670,94%,北京最大城市公园之一，踏青野餐、拍婚纱照、亲子游玩的好去处。
黑龙潭风景区,BlackDragonPondScenicArea,10,371,92%,欣赏峡谷、深潭、瀑布等自然风光，冬季看冰瀑奇观。
石花洞,ShihuaCave,3,395,92%,观赏形态各异的石花，洞内景观瑰丽奇幻，是京郊周末出游的好地方。
地坛,TempleoftheEarth,3,652,92%,明清皇帝祭祀土地的场所，秋天可以来赏杏拍照，春节期间的地坛庙会也十分热闹。
国子监,Guozijian,25,555,94%,明清两朝的“教育部”，参观内设展览，了解古代科举制度。
北京天文馆,BeijingPlanetarium,7,458,90%,中国第一座天文馆，可以观看精彩的高科技电影，观测天文台。
北京西山国家森林公园,BeijingXishanNationalForestPark,3,410,94%,满目金沙碧树，在森林公园里深度洗肺。
五道营胡同,WudaoyingAlley,18,296,92%,北京最新兴的文艺小资聚集地，被称为“下一站南锣”。
水关长城,ShuiguanGreatWall,11,298,90%,游客较少的一处长城景区，风光原始，还可以参观詹天佑故居。
坡峰岭,PofengRidge,11,266,90%,-
青龙峡风景区,QinglongGorgeScenicArea,5,310,92%,青山绿水、空气清新，还有游船、快艇、蹦极、攀岩等娱乐项目。
西山,-,2,79,80%,"西山国家森林公园位于北京西郊小西山，地跨海淀、石景山、门头沟三区，她以北京西山试验林场为基础，总面积5970公顷，是京郊风景区的重要组成部分，是距北京市区最近的一座国家级森林公园。
西山国家森林公园属温带大陆性季风气候类型，地带性植被…"
十渡誓言玻璃栈道,ShiduShiyanGlassSkywalk,1,142,88%,在浪漫的传说中感受百米凌空俯视的惊险刺激，欣赏峭壁之巅的壮观风景。
中国古动物馆,ThePaleozoologicalMuseumofChina,1,223,92%,-
戒台寺,JietaiTemple,9,300,96%,在“天下第一坛”拜佛祈福，观赏形态各异的古松和春夏盛放的牡丹花。
周口店北京人遗址博物馆,ZhoukoudianPekingManSiteMuseum,1,353,90%,世界文化遗产，“北京人”的发祥地，历史迷的必到之地！
北京后花园（白虎涧）风景区,BackGarden(WhiteTigerGully)NaturalScenicArea,1,181,82%,-
北京王府井天主教堂,WangfujingCatholicChurch,4,360,94%,北京四大天主教堂之一，是中西建筑风格共融的典范。
明城墙遗址公园,SiteofMingCityWallPark,7,308,94%,登上明代古城墙，看旗杆石、古火炮等古迹。
紫谷伊甸园,PurpleValleyEden,5,163,92%,景色很美的花园，鲜花盛开的时候景色美不胜收。
双龙峡,DoubleDragonGorge,3,153,90%,春季千亩杏花盛开，香味扑鼻，如同到了花的海洋。
青龙湖公园,QinglongLakePark,1,285,90%,山清水秀的城市公园，是夏季避暑的好去处。
八达岭古长城（残长城）,BadalingAncientGreatWal,7,243,94%,崇山峻岭、深沟险壑，长城城关相连，感受原汁原味的长城遗迹。
鼓楼,DrumTower,12,371,92%,-
十渡东湖港,EastlakeHarbor,5,147,90%,-
孔庙,BeijingConfuciusTemple,24,311,94%,参观元代建筑和历代石碑、古迹，观赏传统乐舞表演《大成礼乐》。
国家植物园(原北京植物园),BeijingBotanicalGarden,16,794,94%,一年四季都可以赏花观叶，还可以在自然中踏青游山、探访古迹。
清凉谷风景区,QingliangValleyScenicArea,4,197,84%,在茂密树木和溪流瀑布间登山漫步，夏日体验众多的水上娱乐项目。
皇家御河游,CapitalCityWaterSystemRoyalRiverTour,1,232,88%,-
乐谷银滩景区,HappyValleySilverBeachScenicArea,4,77,88%,-
孔庙和国子监博物馆,ConfuciusTempleandTheImperialCollegeMuseum,3,242,94%,古代的最高等学府，来此探幽访古，祈求考学顺利。
古崖居风景区,GuyajuCaveDwellingsArea,7,154,92%,-
云居寺,YunjuTemple,2,90,94%,-
长陵,Changling,18,171,92%,-
百里山水画廊,BailiLandscapeGalleryScenicSpot,6,186,90%,北京自驾游的首选之地，四季景色变幻，沿途风光如画。
鸟巢空中走廊,Bird'sNestAirCorridor,0,166,94%,惊险刺激的空中走廊，俯视北京城的无限风光。
蓝调薰衣草庄园,BluesDreamland,1,151,78%,拥有百亩薰衣草景观区、蓝调湿地，更配有木屋温泉，浪漫又舒适。
国家自然博物馆,NationalNaturalHistoryMuseumofChina,10,497,92%,能够看到很多已经灭绝动植物的化石，逼真的恐龙模型，还有免费的4D电影。
响水湖长城自然风景区,XiangshuiLakeGreatWallNaturalScenicArea,2,125,90%,漫步在长城、山水之间，感受山中安静淳朴的农家生活。
老北京胡同游,-,2,52,80%,北京的胡同有上千条，形成于中国历史上的元朝、明朝、清朝三个朝代，其中的大多数形成于13世纪的元朝。胡同的走向多为正东正西，宽度一般不过九米。胡同两旁的建筑大多都是四合院。沿途可以看北京优美的风景。
钟楼,-,9,53,88%,绿琉璃顶重檐正方形建筑，钟声宏亮浑厚。
钟鼓楼,BellandDrumTower,8,298,92%,古都北京的标志性建筑之一，古代的报时中心，每天都有击鼓表演。
仙栖洞,XianqiCave,1,95,94%,-
爨底下村,Cuandixia,11,234,90%,参观古色古香的明清老建筑，在古村漫步、睡火炕、吃农家菜。
红砖美术馆,RedBrickArtMuseum,5,143,86%,一砖一瓦都充满了浓烈的艺术气息，美术爱好者不容错过。
人民大会堂,TheGreatHallofthePeople,13,237,94%,全国人民代表大会会址，建筑恢宏壮观，内部灯火辉煌。
箭扣长城,JiankouGreatWall,15,191,94%,北京郊县一处古朴自然的长城。
北京宋庆龄故居,FormerResidenceofSoongChingLing,6,130,94%,漫步在古色古香的庭院式建筑中，参观居所与陈设。
人民英雄纪念碑,MonumenttothePeople'sHeroes,10,224,94%,祖国的象征建筑之一，来此缅怀、纪念伟大的革命先烈。
北京上方山国家森林公园,ShangfanshanNationalPark,3,136,88%,上方山森林公园环境宜人，素有“南有苏杭，北有上方”的美誉。
京东大峡谷,JingdongGrandCanyon,1,189,88%,峡谷内山清水秀空气清新，非常适合放松锻炼，山间滑道也很刺激。
中国紫檀博物馆,ChinaRedSandalwoodMuseum,1,201,96%,馆藏丰富，能看到近千件紫檀木制成的珍贵明清家具、精品木雕等。
751活的3D博物馆,751Live3DMuseum,0,118,82%,-
王府井,Wangfujing,67,1239,90%,国际化大型商业区，北京逛街购物的老牌胜地。
中国美术馆,NationalArtMuseumofChina,10,331,96%,美术爱好者的天堂，艺术展览更新频繁，设施条件完备。
什刹海酒吧街,ShichahaiBarStreet,12,454,90%,北京最有文艺气息的酒吧聚集地，在临“海”或胡同内的酒吧里喝酒聊天，情调十足。
卢沟桥,MarcoPoloBridge,9,260,94%,数一数桥上姿态各异的石狮子，中秋之夜来赏著名的“卢沟晓月”。
古北口长城,TheGreatWallofGubeikou,1,84,94%,-
南宫五洲植物乐园,NangongWuzhouBotanicalAmusementPark,2,168,94%,-
角楼,JiaolouBuilding,6,249,96%,角楼承载了中国古代最高建筑技艺，是故宫最具代表性的建筑之一。
国家奥林匹克体育中心,-,8,36,88%,国家奥林匹克体育中心，与奥林匹克公园、奥林匹克森林公园和奥运村隔路相望，坐落在北京市北四环中路南侧。
中华梦石城,-,1,36,100%,中华梦石城位于北京慕田峪长城旅游区的长城脚下，它荟萃全国奇石二万多方，重4500多吨，是“中国奇石收藏家”的活动基地。园内主要有“慕田水琳洞”、“怪石圈”和“奇石大观楼”。“慕田水琳洞”洞中有洞，洞洞相连，里面不仅水流喘急，而且有壮观…
北京奥林匹克塔,BeijingOlympicTower,1,108,90%,-
千灵山公园,QianlingMountainPark,2,94,92%,-
团结湖公园,TuanjiehuPark,1,296,94%,典型的江南园林式公园，有游乐场和垂钓区，是休闲好去处。
龙潭公园,LongtanPark,7,401,94%,市民放松休闲的城市公园，园林建筑古色古香，还有很多儿童游乐项目。
京西十八潭,JingxiShibatanScenicResort,4,119,82%,-
密云人间花海薰衣草庄园,MiyunRenjianFlowerOceanLavenderManor,1,74,80%,-
灵水村,LingshuiVillage,2,101,86%,《爸爸去哪儿》取景地，找一找林志颖和KIMI住过的蜘蛛房。
北京国际雕塑公园,BeijingInternationalSculpturePark,2,311,92%,可以参观很多别出心裁的雕塑作品，拍照非常漂亮。
京东大溶洞,JingdongLargeCave,1,133,86%,溶洞四季所见所闻所感迥然不同，又各得佳妙。
玲珑塔,LinglongTower,8,182,90%,-
雾灵西峰,-,2,27,80%,​雾灵西峰风景区占地近20平方公里，分为五条自然沟，区内奇峰异石多姿，森林气息浓郁，有湖泊、飞瀑、流泉、清潭等自然景观引人入胜。
中国电影博物馆,ChinaFilmMuseum,5,137,88%,参观关于电影的古老道具，了解中国电影发展史，还能欣赏电影。
百望山森林公园,BaiwangshanForestPark,2,283,92%,是距北京城最近的森林公园，这里的红叶尤其有名。
灵山自然风景区,Lingshan,13,107,92%,-
丫髻山,YajiMountain,2,72,94%,-
琉璃厂古玩字画一条街,LiulichangGuwanZihuaYiTiaoStreet,3,166,92%,众多售卖古玩字画的老字号店铺聚集，是感受古典文化的好地方。
国家体育馆,NationalIndoorStadium,7,119,92%,-
老象峰,ScenicSpotsofLaoxiangfeng,1,63,86%,-
正阳门,TheZhengyangmenGate,45,304,94%,北京城内唯一保存较完整的老城门，可以从这儿走向前门大街。
北京市劳动人民文化宫,BeijingWorkingPeople'sCulturalPalace,4,244,96%,-
紫海香堤香草艺术庄园,ZihaixiangdiVanillaArtManor,2,81,80%,-
中华世纪坛,ChinaMillenniumMonument,6,238,88%,北京地标建筑，与日冕坛广场合影留念，参观世界各地的艺术展览。
八达岭国家森林公园,BadalingNationalForestPark,2,146,92%,-
北京古代建筑博物馆,BeijingAncientArchitectureMuseum,1,72,94%,-
阳台山自然风景区,Mt.YangtaishanScenicArea,2,103,84%,探访深山古刹，登顶欣赏京城最美日出。
大觉寺,DajueTemple,3,170,94%,大觉寺以春季的玉兰、秋季的银杏而闻名，环境优美。
鹿世界科普主题园,-,0,21,0%,引导参与、科普教育、养鹿富民”为理念。
永顺染坊,YongshunDyeingWorkshop,4,138,92%,-
银锭桥,YindingBridge,3,262,92%,旧时“燕京八景”之一，游玩后海的必经之地，充满了历史感。
长安街,Chang'anStreet,17,182,94%,-
钓鱼台银杏林,DiaoyutaiYinxingAvenue,10,218,94%,北京秋日赏杏地标，深秋霜重，满地落黄，摄影师必打卡的地方。
京都第一瀑,JingduWaterfall,1,53,84%,-
艺麓园,YiluGarden,2,73,86%,-
十七孔桥,SeventeenArchesBridge,17,323,94%,仿造卢沟桥而建，数一数桥栏上神态各异的石狮子。
梅兰芳纪念馆,MeiLanfangMemorial,2,135,90%,-
帽儿胡同,Mao’erHutong,5,159,94%,北京城十大胡同之一，保留着老北京四合院以及昔日贵族的宅邸。
郭沫若纪念馆,MemorialHallofGuomoruo,3,110,88%,文坛巨匠郭沫若先生的故居，文学爱好者可以前来怀念大师。
国家中影电影数字制作基地,ZhongyingShuziYingshiBase,0,27,82%,-
十三陵水库,MingTombReservoir,4,110,90%,-
荷花市场,HehuaMarket,4,72,90%,-
定都峰,DingduMountain,0,64,90%,-
北京圣泉山旅游风景区,QuanMountainScenicArea,1,48,92%,-
海淀公园,HaidianPark,3,148,94%,-
元大都城垣遗址公园,RuinsofTheYuanDynasty,6,245,94%,古迹上建造起来的街心公园，四月海棠花大片开放。
京西古道,JingxiAncientPath,3,73,88%,-
神堂峪自然风景区,ShentangyuScenicResort,3,112,90%,百余种野生药材和山野菜遍布全区，正是赏花踏青的好地方。
三里屯,Sanlitun,0,441,94%,北京时尚潮流生活的地标，想要体验京城夜生活，更是不得不去。
端门,Duanmen,2,26,94%,-
北京师范大学,BeijingNormalUniversity,6,94,92%,-
幽谷神潭,Yougushentan,4,79,92%,亲水避暑的好去处，神探飞瀑不可错过。
红螺湖鸟岛,BirdIslandatHongluoLake,9,57,88%,-
冶仙塔旅游风景区,YexiantaAmusementPark,1,38,90%,-
东交民巷,DongjiaominLane,9,139,94%,北京较长的胡同，众多的使馆建筑群坐落于此，充满了西洋风情。
康西草原,KangxiGrassland,5,91,58%,-
午门,MeridianGate,30,365,96%,紫禁城的正门，也是皇城最大的宫门，现在被辟为重要展厅。
北京刘老根大舞台,BeijingLiuLaogenGrandStage,1,235,86%,-
龙门涧风景区,ScenicSpotsofLongmenjian,2,61,86%,-
白龙潭皇家森林公园,-,1,15,60%,白龙潭北靠长城，西临被誉为“华北第一内湖”的密云水库景区，自古以来就是著名的风景区，宋、元，明、清各代帝王将相、社会名流在这里留下了不少遗迹。
八奇洞,MentougouBaqiCave,3,47,86%,-
花仙子万花园,HuaxianziwanGarden,1,44,80%,-
北锣鼓巷,NorthLuoguAlley,7,157,90%,躲开南锣鼓巷熙攘的人群，在北锣鼓巷悠闲享受慢时光。
泰山皮影传习体验馆,-,0,15,100%,-
古北口司马台村水镇,-,7,15,0%,-
百里山水画廊—滴水壶,DishuihuScenicSpot,1,104,84%,-
北京密云天门山,BeijingTianmenMountain,1,43,88%,-
银山塔林,YinshanPagodaForest,5,83,94%,-
祈年殿,HallofPrayerforGoodHarvest,14,203,96%,-
云峰山,YunfengMountain,4,55,90%,-
八达岭国家森林公园-红叶岭,HongyeHill,3,102,96%,-
大美儿童世界(大美欢乐岛店),DameiChildren'sWorld,1,50,92%,-
杨梅竹斜街,YangmeizhuByway,3,49,94%,-
天河谷景区,TianheguSceneicArea,0,17,96%,-
北京二锅头酒博物馆,ErguotoujiuMuseum,1,34,96%,-
中国人民大学,RenminUniversityofChina,15,125,94%,-
日坛公园,RitanPark(RitanGongyuan),3,325,94%,北京五坛之一，是明清时期祭祀太阳神的场所。
北京市规划展览馆,BeijingUrbanPlanningExhibitionHall,1,118,92%,-
中国铁道博物馆东郊馆,ChinaRailwayMuseumEastSuburb,8,98,90%,国内专业性铁路博物馆，亲眼看一看铁路的发展史。
莲花池公园,LianhuachiPark,3,408,96%,-
白河峡谷,BaiheRiverCanyon,2,36,92%,-
七渡花果山,BeijingQiduHuaguoMountain,1,41,78%,-
昆明湖,KunmingLake,21,336,96%,泛舟湖上，饱览湖光水色，轻松惬意的享受颐和园全景。
成贤街,DongchengChengxianStreet,5,63,86%,-
古观象台,AncientObservatory(Guguanxiangtai),2,140,94%,-
奥林匹克公园,BeijingOlympicPark,14,581,94%,北京2008年奥运会的主要举办地，有鸟巢、水立方等著名比赛场馆。
龙潭西湖公园,LongtanLake,0,83,92%,-
地安门,-,15,11,92%,"地安门是北京皇城四门之一。皇城正门称天安门(明称承天门)，东称东安门，西称西安门，北称地安门（明称北安门），俗称厚载门，亦称后门.　　
地安门位于皇城北垣正中，南对景山，北对鼓楼，始建于明永乐十八年(1420年)，弘治十六年(1503年)二月重修…"
八达岭熊乐园,BadalingBearParadise,2,159,90%,-
虎峪,NaturalScenicSpotsofHuyu,2,40,74%,-
玫瑰情园,RoseGarden,1,35,84%,-
北京电影学院,BeijingFilmAcademy,4,56,90%,-
北京熊猫馆,-,1,12,80%,北京熊猫馆以中国古典园林“拓朴”原理为哲学依据，以“太极图”为形式构图。造型呈竹笋状，十一对拱圈就像竹节。根据动物饲养展览的要求，展舍及运动场分为成年大熊猫、青年大熊猫、母子大熊猫三部分，每个展舍既相对独立又通过串间相连，展舍与运…
灵慧山,LinghuiMountain,1,50,80%,-
佛香阁,TowerofBuddhistIncense(SummerPalace),16,268,94%,佛香阁是颐和园中最著名的建筑之一，在这里可以尽览“三山五园”的美景。
大栅栏,Dashilar,0,726,92%,自古著名的商业街，古老胡同中老字号云集，还有众多特色小吃。
前门老北京影戏馆,-,0,11,0%,-
太和殿,HallofGreatHarmony(TaiheDian),11,246,96%,是紫禁城里的“金銮殿”，中国现存规格最高的宫殿，三大殿之首。
北京外国语大学,BeijingForeignStudiesUniversity,1,139,90%,-
门头沟百花山自然保护区,BaihuashanNatureReserve,3,134,92%,徒步爬山，亲近大自然，登上山顶欣赏野花覆盖的高山草甸。
白云观,BaiyunGuan,2,214,96%,参观道教全真派的祖庭，在观内摸石猴、打钱眼，敬香祈福。
密云水库,MiyunReservoir,11,106,94%,是亚洲较大的人工湖，湖鱼鲜美异常。
老爷车博物馆,VintageCarMuseum,1,40,90%,-
日月岛广场,RiyuedaoSquare,1,68,92%,-
水奥雪世界,-,0,10,90%,-
震远镖局,ZhenYuanEscortAgency,3,72,94%,-
古北口古镇,GubeikouAncientTown,0,10,98%,-
西什库教堂（北堂）,XishikuChurch(NorthHall),7,95,96%,-
老舍纪念馆,FormerResidenceofLaoShe(LaoSheJinianguan),1,197,94%,探访老舍先生曾住的四合院，感受“人民艺术家”的文化气息。
宛平城,WanpingAncientCity,4,71,92%,-
法源寺,FayuanTemple,2,139,96%,游人罕至的佛门清净地，也是一座宗教类博物馆。
汉石桥湿地,HanshiqiaoWetland,1,92,90%,-
对外经济贸易大学,UniversityofInternationalBusinessandEconomics,1,102,96%,-
温都水城冰雪嘉年华,WenduShuichengIceandSnowHappyTown,0,39,88%,-
圣莲山景区,ShenglianshanSceneicArea,1,72,92%,-
苏州街,SuzhouStreet,7,172,92%,-
国家会议中心,ChinaNationalConventionCenter,1,61,94%,-
云梦仙境自然风景区,YunmengWonderlandNaturalScenicArea,2,36,72%,-
昭陵,ZhaolingMausoleum,1,31,90%,-
十渡仙西山,ShiduxianxiMountain,1,39,80%,-
四季花海,SijiHuahai,5,45,86%,-
山顶教堂,HilltopChurch,3,82,92%,-
回音壁,EchoWall,11,123,90%,-
北京大学-未名湖,Weiminghu,6,197,94%,-
好汉坡,-,1,9,96%,在八达岭长城一带，好汉坡是一段陡坡，顶峰海拔868米，上有“不到长城非好汉”石碑，取自毛主席诗句。
灵境胡同,BeijingLingjingAlley,3,40,92%,-
中国地质博物馆,TheGeologicalMuseumofChina,1,128,96%,-
北京航空航天大学,BeihangUniversity,2,122,94%,-
万寿寺,WanshouTemple,2,107,92%,-
大钟寺,DazhongTempleAncientBellMuseum,3,186,88%,参观以大钟为主题的博物馆，了解关于中国古钟的故事。
八大胡同,EightGreatHutongs,3,100,86%,-
皇城根遗址公园,HuangchenggenRelicsPark,5,131,94%,-
中国人民抗日战争纪念馆,MuseumoftheWarofChinesePeople'sResistanceAgainstJapaneseAggression,4,76,96%,缅怀历史、进行爱国主义教育的重要场所，每年7月7日都会举办抗日战争纪念活动。
史家胡同博物馆,ShijiaHutongMuseum,1,63,96%,-
中国印刷博物馆,MuseumofChinesePrinting,1,60,92%,-
今日美术馆,TheTodayArtMuseum,3,79,90%,中国第一家民营公益性美术馆，不定期会举行各种展览。
方家46号,No.46FangjiaHutong,2,29,94%,-
永宁古城,YongningAncientCity,3,60,82%,-
东四胡同,DongsiHutong,0,66,94%,-
紫云台香草园,-,0,11,84%,-
神路景区,ShenluPark,5,72,90%,-
天开花海,TiankaiFlowerSea,1,17,74%,-
故宫钟表馆,WatchMuseum(FengxianTemple),7,125,96%,原是皇帝祭祀祖先的宫殿，现在作为故宫所藏钟表的展示厅，内藏钟表精美而有趣。
中国长城博物馆,ZhongguochangchengMuseum,2,112,94%,展示了长城的历史、景观和故事，是了解长城的绝佳之地。
松山森林景区,SongshanNatureReserve,4,64,86%,-
西海子公园,XihaiziPark,1,99,94%,-
天池峡谷风景区,TianchixiaguSceneicArea,2,19,88%,-
古陶文明博物馆,AncientCeramicCivilizationMuseum,1,34,88%,-
北普陀影视城,BeijingBeiputuoMovieCity(NorthGate),1,59,84%,-
百泉山,BaiquanMountain,1,72,90%,-
仙居谷,MiyunXianjuValley,1,24,86%,-
鹫峰国家森林公园,JiufengNationalForestPark,4,89,90%,北京城区30公里，可登山看全城，是京郊出游的好去处。
三庆园,SanqingTheatre,1,39,82%,-
鹫峰国家森林公园,JiufengNationalForestPark,4,89,90%,北京城区30公里，可登山看全城，是京郊出游的好去处。
燕山天池,-,1,7,80%,燕山天池1983年建成，位于延庆县城东北20公里（距京90余公里），是苍米古道自然风景区的第一景区，因地处于燕山山脉，水面海拔最高而得名。
留民营生态科普公园,LiuminyingEcologicalSciencePark,0,13,78%,-
北京鲁迅博物馆(北京新文化运动纪念馆),LuxunFormerResidence,3,139,94%,-
周口店遗址博物馆,-,1,12,100%,口店遗址位于北京城西南约50公里处的房山区境内，这里自然资源丰富，气候温暖宜人，是70万年至20万年前的“北京人”、20至10万年前的第4地点早期智人、约4.2-3.85万年前的田园洞人、3万年前左右的山顶洞人生活的地方。
云岫谷游猎风景区,YunxiuguyoulieSceneicArea,0,32,76%,-
第五季龙水凤港生态农场,DiwujilongshuifenggangshengtaiFarm,1,19,88%,-
九谷口自然风景区,NaturalScenicSpotsofJiugukou,2,38,80%,-
狂飙乐园滑雪场,-,1,7,20%,狂飚乐园滑雪场面积约50000平方米，其雪具大厅2000平方米，雪地摩托专用道长800米，雪场现已开发了初级雪道、中级雪道及儿童戏雪道，可满足不同滑雪消费群体的需求。
月坛公园,BeijingYuetanPark,4,295,92%,古时帝王祭祀月亮神的坛庙，如今这里植被茂盛，是踏青赏花的好去处。
白塔寺,TempleoftheWhiteDagoba(BaitaSi),5,65,94%,-
湖广会馆,HuguangGuildHall,4,89,88%,200多年的老戏楼，听相声和京剧的好去处。
护国寺金刚殿,JinggangPalaceofHuguoTemple,1,18,94%,-
历代帝王庙,LidaiDiwangMiao(TempleofPreviousDynasties),3,92,94%,-
广茗阁(鼓楼西大街店),-,1,6,00%,-
中央美术学院美术馆,TheCentralAcademyofFineArts,1,91,92%,-
百里山水画廊—硅化木,BeijingNationalGeoparkOfFossilWood,1,39,78%,-
北京展览馆,BeijingExhibitionHall,1,188,94%,-
保利艺术博物馆,PolyArtMuseum,4,67,92%,-
北京励志堂科举匾额博物馆,LizhiHall,0,31,86%,-
卧佛寺,TempleoftheSleepingBuddha(Wofosi),2,108,94%,-
北京龙徽葡萄酒博物馆,BeijingDragonSealWineryMuseum,0,70,84%,-
大观楼,DaguanPavilion,1,91,90%,-
京城水系八一湖码头,-,0,61,92%,唯一贯穿北京二环、三环、四环的水上航道，是乘船游北京的好选择。
后海,BackLakes(HouHai),0,9,94%,-
中国传媒大学,CommunicationUniversityofChina,2,90,94%,-
北京林业大学,BeiJingLinYeDaXueBiaoBenGuan,1,96,92%,-
圜丘,Yuanqiutan,11,70,92%,-
后河,Houhe,0,22,92%,-
华韵·刘氏竹编,-,0,6,100%,刘氏竹编工艺是中国最具特色的传统手工技艺之一，渠县刘氏竹编工艺技术精湛、文化品味浓郁，在四川乃至全国具有代表性。华韵·刘氏竹编馆是集合展览、销售、体验为一体的竹编艺术馆。馆内有瓷胎竹编花器、茶具、竹编字画、竹编箱包、吊灯等。
前门华韵·文化体验中心,-,0,6,100%,非遗体验中心是国内首家以非遗为主题的体验式、场景式文化互动空间，总面积1800平米，上下两层，集合了由20多位非遗大师创作的上千种代表性非遗艺术品以及衍生品。
定陵地下宫殿,-,3,6,100%,定陵地下宫殿位于定陵内，是中国著名地下建筑之一，也是明代神宗皇帝朱翊钧的陵墓。
云蒙三峪自然风景区,SanyuScenicResort,0,19,80%,-
乾清宫,PalaceofHeavenlyPurity,7,88,96%,紫禁城内廷三大宫的正殿，曾是专属于皇帝的寝宫。
中和殿,HallofMiddleHarmony(ZhongheDian),5,38,92%,-
北京理工大学,BeijingInstituteofTechnology（SouthGate2）,2,54,92%,-
中央戏剧学院,TheCentralAcademyofDrama,1,88,90%,-
正乙祠戏楼,ZhengyiTempleOperaTower,2,72,94%,这里有“戏楼文化史上的活化石”之称，曾有多位戏剧大师在此登台。
史家胡同,ShijiaHutong,3,78,96%,-
遥桥峪水库,YaoqiaoyuReservoir,4,13,100%,-
黄草梁,HuangcaoliangNaturalScenicResort,2,20,88%,-
国家植物园南园,ZhongguoKeXueyuanZhiwuYanjiusuoBeijingBotanicalGarden,1,54,94%,游客较少，一年四季都有可欣赏的美景。
上庄水库,ShangzhuangReservoir,1,37,84%,-
地坛公园银杏大道,DitanParkGinkgoAvenue,1,173,96%,-
梵高星空艺术馆（王府井旗舰店）,VanGoghStarrySkyArtMuseum(wangfujingqijian),0,9,84%,-
金龙建国温泉酒店温泉区,JinlongJianguoHotSpringHotel,0,61,90%,-
华韵·宜兴传统文化馆,-,0,5,100%,上有天堂，下有苏杭。江苏宜兴，是陶的古都，茶的绿洲。在宜兴传统文化馆中，不仅有紫砂壶，更有阳羡雪芽、小酥糖等众多带有宜兴特色的非物质文化遗产。华韵·宜兴传统文化馆不仅向世界展示了深厚悠远的陶瓷文化、芳香冠世的深氧茶海、巧夺天工的竹…
乐佛寺,Lefosi,1,11,100%,-
神泉峡风景区,ShenquanxiaScenicArea,1,44,86%,-
云佛山大溶洞,YunfoHole,0,13,80%,-
乐寿堂,HallofHappinessandLongevity,3,34,94%,-
北京爱情海玫瑰园,LoveSeaRoseGarden,0,20,82%,-
百里山水画廊—乌龙峡谷,WulongCanyon,2,30,84%,-
云瀑沟,YunpuDitch,1,13,78%,-
交泰殿,JiaotaiPalace,6,30,92%,-
保和殿,HallofPreservingHarmony(Baohedian),7,125,94%,-
三里屯酒吧一条街,SanlitunBarStreet,2,256,92%,北京酒吧街的鼻祖，来这里体验京城最动感时髦的夜生活。
茅盾故居,FormerResidenceofMaoDun,1,83,90%,-
法华寺,BeijingFahuaTemple,1,12,78%,-
先农坛,BeijingAncientArchitectureMuseumXiannongtanTemple,2,77,94%,-
碧云寺,BiyunTemple,3,75,96%,-
昊天塔,LiangxiangPagoda,0,7,94%,-
曹雪芹纪念馆,BeijingXueqinCaoMemorial,2,111,90%,-
齐白石故居,BeijingQiBaishiFormerResidence,3,66,92%,-
徐悲鸿纪念馆,MemorialHallofXubeihong,1,34,90%,-
斋堂水库,MentougouZhaitangReservoir,2,36,86%,-
中央财经大学,ZhongyangcaijingUniversity,1,43,92%,-
八里桥公园,BeijingBaliqiaoMusicThemePark（NorthGate）,1,17,94%,-
神武门,GateofDivineProwess,22,224,94%,-
红领巾公园,HongLingJinPark,1,210,94%,-
上方山云水洞,ShangfanshanYunshuiKarstCave,1,10,90%,-
七孔桥,QikongBridge,3,7,92%,-
妙应寺白塔,-,3,5,60%,"妙应寺白塔位于阜城门内大街路北的妙应寺内。因寺内有通体涂以白垩的塔，故俗称“白塔寺”，是我国重点保护文物。
该寺建于元至元八年（1271年)，初名大圣寿万安寺，至正二十八年(1368年)曾遭火焚，于明宣德八年(1433年)再建，改称妙应寺。因寺内有…"
地铁北土城站,-,1,4,80%,北土城站是北京地铁系统中的一座换乘车站，规划建设阶段曾称熊猫环岛站，北京地铁8号线与北京地铁10号线交汇于此。
云蒙山长城遗址公园,YunmengshanGreatWallRelicsPark(EastGate),1,18,84%,-
御花园,ImperialGarden,21,113,92%,-
国家图书馆,NationalLibrary,5,306,94%,中国最气派的书房，内部空间宏大，各类书籍馆藏丰富。
UCCA尤伦斯当代艺术中心,UllensCenterforContemporaryArt,2,33,90%,-
护国寺,HuguoTemple,4,96,92%,旧时香火旺盛的皇家寺庙，如今是品尝老北京传统小吃的不二去处。
西单,BeijingXidanCommercialStreet,0,420,96%,北京最著名的商业街区，购物中心林立，是年轻人喜欢的购物休闲场所。
韩美林艺术馆,HanMeilinArtMuseum,1,75,92%,融汇艺术大师韩美林的精华之作，欣赏福娃、动物邮票等著名作品。
中国消防博物馆,ChinaFireMuseum,1,41,94%,-
金水湖景区,JinshuihuSceneicArea,1,27,88%,-
牛街（回民街）,NiuStreet(MuslimStreet),1,182,92%,北京著名的回民街，街上清真餐厅的牛肉出了名的好吃。
莲石湖公园,LianshihuPark,2,46,92%,-
玉带桥,YudaiBridge,6,30,96%,-
中华梦石城,ChinaDreamStoneCity,0,6,96%,-
传统四合院,-,1,4,86%,四合院，又称四合房， 是中国汉族的一种传统合院式建筑，其格局为一个院子四面建有房屋，从四面将庭院合围在中间，故名四合院。
香炉峰,XiangluPeak,2,26,98%,-
古北口蟠龙山长城,"PanlongMountainGreatWall,Gubeikou",2,15,90%,-
西洋楼遗址景区,WesternHouse,1,60,94%,-
华韵·艺轩,-,0,4,100%,艺术家韩美林先生艺术衍生品店。韩美林是一位孜孜不倦的艺术实践者和开拓者。创作设计广泛，包括书法、绘画、雕塑、陶瓷、设计以及写作等等。艺术风格独到，致力于从中国文化传统和大众艺术中汲取精髓，并转化为体现当代审美的艺术作品。
和平菓局,HepingGuoju,0,29,88%,-
将府公园,JiangfuPark,3,79,94%,-
北坞公园,BeiwuPark,1,98,94%,-
大运河森林公园,GrandCanalForestPark,5,241,94%,在天然大氧吧中呼吸新鲜空气，还可以露营、野餐、骑行、乘船。
大兴世界月季主题园,"WorldRoseThemePark,Daxing",0,27,88%,-
琼华岛,Qionghuadao,2,28,92%,-
嘻哈包袱铺（交道口剧场）,-,1,3,100%,嘻哈包袱铺是一个以幽默为主的娱乐机构，全力打造幽默艺术形式，反正闲着也是闲着，乐呗！
勅建弘慈广济寺,GuangjiTemple,3,84,94%,市内的一座百年古刹，以清代巨幅指画《胜果妙音图》为名。
砖塔胡同,BeijingZhuantaLane,3,19,92%,-
清陆军部和海军部旧址,DuanQiruiExecutiveGovernment,5,29,92%,-
北京厂甸庙会(西城区),ChangdianTempleFair,1,33,92%,-
智化寺,ZhihuaTemple,1,76,92%,-
贡院,-,1,3,60%,"贡院是原来会试的考场，即开科取士的地方。各地举人来此应试，好象向皇帝贡奉名产，故名贡院。贡院之设始于唐朝。
明、清两代贡院旧址位于今建国门内中国社会科学院一带，今贡院东街、贡院西街、贡院头条、贡院二条、贡院三条等。会试每隔三年举行…"
北京婉容旧居,FormerResidenceofRongWan,3,25,84%,-
禄米仓,LumiWarehouseLane,1,32,90%,-
碓臼峪,ChangpingDuijiuyuNaturalScenicResort,1,33,72%,-
报国寺,BeijingBaoguoTemple,2,92,92%,-
新华门,Xinhuamen,1,12,92%,-
云龙涧,-,1,3,80%,"北京云龙涧旅游风景区位于北京市密云县溪翁庄镇北白岩村村北，密云水库西侧，距密云县城10公里。景区全长八公里，是密云县最新开发、区位条件优越的一处原生态旅游风景区。 
云龙涧所有景点未经过任何人工建设，原生态山水、体验式休闲，走进云龙涧…"
北京体育大学,BeijingSportUniversity,1,99,90%,-
鸟巢3D美术馆,Bird'sNest3DArtGallery,1,68,84%,-
天宁寺塔,BeijingTianningTower,1,98,92%,-
中国房山世界地质公园,FangshanGlobalGeopark,1,29,92%,-
云蒙峡,YunmengGorge,1,13,82%,-
宝珠洞,Baozhudong,2,10,88%,-
香界寺,XiangjieTemple,3,12,96%,-
四处大悲寺,-,2,2,00%,"大悲寺位于三山庵与龙泉庵之间的山腰处。相传建于北宋或辽金时期（约1033年）。 该寺坐西朝东，正对山门有古楸两株。整个院落为三进四合，山门殿有石额""敕建大悲寺""，为清康熙帝御笔。山门殿内有四大天王塑像。 山门殿后为大雄宝殿。殿前有明代古竹…"
捧河湾风景区,PenghewanSceneicArea,2,24,80%,-
八处证果寺,-,2,3,00%,"证果寺始建于唐天宝年间（又传建于隋仁寿年间），是八大处最古老的一座寺院。寺中一株古黄连木树龄600年以上，为京城所独有。 证果寺坐北朝南，位于卢师山腰。山门石阶数十级。阶下竖有二碑，山门之上石额镌有""古刹证果寺""字样。山门以北为大雄宝殿…"
五处龙泉庵,-,3,3,00%,龙泉庵又名龙王堂，位于大悲寺西北，始建于明仁宗洪熙乙己（1425年）。清顺治二年（1645年）于该处发现一泓清泉，遂修建了一座龙王庙。 全庵共有五个院落，分为上中下三层，除主殿龙王堂外，还有卧游阁、听泉水榭、妙香院和华祖院。整个院内松高柏…
昊天塔,-,1,3,100%,"昊天塔又称多宝佛塔。位于房山区良乡东北1公里燎石岗上。昊天塔相传建于隋朝，现存塔是辽代所筑。
昊天塔为五层楼阁空心式。砖木结构。通高47．05米，平面呈八角形。须弥座塔基上刻砖雕花卉，壶门内雕有站、坐佛像，壶门上雕有狮子。塔身各层东、南…"
白岭关,-,1,3,100%,白岭关风景区距北京一百二十八公里，该景以著名的“白岭关”长城为核心，分布在海拔九百十六米高的燕山山脉上。驻足白岭关上，北望可一览广阔的北国风光；东眺可见著名的京东“第一峰”雾灵山及南侧群峰，西临司马台长城。景观之壮美不是一般地可去…
中央民族大学,MinzuUniversityofChina,1,3,84%,中央民族大学（Minzu University of China）坐落于北京学府林立的海淀区，南邻国家图书馆，北依中关村科技园，校园环境典雅，古朴幽美，人文氛围浓郁，具有鲜明的民族特点。
通惠河,TonghuiRiver,1,33,92%,-
巴沟山水园,BagouMountainWaterPark,1,42,94%,-
古人类文化遗址博物馆(东方新天地第一街店),WangfujingAncientRuinsMuseumCulture,0,40,94%,-
荣宝斋（前门华韵店）,-,0,3,100%,荣宝斋拥有“木版水印”和“修复装裱”两项国家级非物质文化遗产技艺，目前，荣宝斋已经发展成为集书画经营，文房用品，教育培训，木版水印，装修复，拍卖典当，展览展示等于一体的综合性文化机构。书画系列、文房系列、非遗系列、传统手作系列、传…
豆腐池胡同,DoufuchiHutong,2,27,88%,-
天禄山风景区,TianlushanScenicArea,1,4,70%,-
世贸天阶,ThePlace,0,285,94%,一站式休闲购物中心，拥有全球第三大规模的电子梦幻天幕。
北京独角兽星空艺术馆,BeijingDujiaoshouXingkongArtMuseum,0,8,78%,-
云龙涧风景区,YunlongjianScenicArea,0,17,90%,-
云蒙山风景区,YunmengMountainSceneicArea,0,11,90%,-
玲珑公园,-,1,3,00%,1990年，海淀区政府以玲珑塔为中心，建成玲珑公园，占地约7公顷（包括水面0.3公顷）。
顺义奥林匹克水上公园欢乐水世界,-,1,3,100%,顺义奥林匹克水上公园是2008年北京奥运会赛艇、皮划艇、马拉松游泳以及残奥会赛艇项目比赛场馆，位于顺义区北小营镇潮白河畔，总面积约162.59公顷。
见心斋,RoomofTranquilHeart,1,19,94%,-
北京慈善寺,-,0,3,60%,道释合一的古寺庙，冯玉祥曾三次隐居于此。
罗红摄影艺术馆,LuoHongArtMuseum,0,41,96%,-
毡子胡同,ZhanziHutong,1,9,94%,-
东坝公园,DongbaCountryPark,2,65,88%,-
定都阁,-,3,3,90%,定都阁位于北京市门头沟区潭柘寺镇定都峰上，占地面积为550平方米，建筑面积约2400平方米，地上高度为33.9米，共有6层，外观看为3层，为古色古香的中式建筑造型。
北京植物园樱桃沟,-,2,3,00%,樱桃沟位于寿安山西簏，又称退谷、水尽头、水源头、周家花园。它上起疯僧洞，下至北沟村口，是一条长约七百五十米的自然溪谷。北京植物园现建成开放有200余万平方米，热带植物展览群温室是亚洲面积最大的，强大的科普功能和优美的园林景观，园区布…
中国园林博物馆,TheMuseumofChineseGardensandLandscapeArchiture,2,82,96%,-
元代谷风景区,YuandaiguSceneicArea,0,11,76%,-
鸦儿胡同,Ya'erHutong,1,60,92%,-
眼镜湖,YanjingLake,2,48,94%,-
百花深处,BaihuaShenchu,3,28,92%,-
朝阳公园勇敢者乐园,ZhaoyangGongyuanYongganzheAmusementPark,1,54,90%,-
夏都公园,XiaduPark,3,63,94%,-
天开寺,TiankaiTemple,0,7,88%,-
皇穹宇,ImperialVaultofHeaven,2,78,92%,-
松美术馆,SongGallery,0,18,88%,-
翊坤宫,PalaceofEarthlyHonor,2,11,88%,-
小凤仙故居,XiaofengxianFormerResidence,1,23,92%,-
国子监街,GuozijianStreet,2,61,92%,-
欧菲堡酒庄,OufeibaoWineHouse,0,12,86%,-
华韵·一金学社,-,0,3,100%,“一金学社”专注于金工领域，集金银器高端定制、自主产品研发创新、珠宝加工鉴定、银饰加工体验等于一身。多年资深的金工教育培训经历，培训出大量优秀的金工制作技艺人才，金工技艺爱好者，让更多的年轻人可以通过自己制作的一件作品了解中国传统…
植物馆（北京世界园艺博览会）,-,0,3,100%,建筑设计理念为“升起的地平”，建筑表面机理以植物根系为灵感。
天桥,TianqiaoResidentialDistrict,19,47,92%,-
石花洞月亮山,ShihuadongYueliangMountain,0,7,94%,-
坤宁宫,PalaceofEarthlyTranquility,6,34,92%,-
寿康宫,Shoukanggong,3,11,100%,-
储秀宫,ChuxiuPalace,3,13,88%,-
慈宁宫花园,-,2,2,100%,​慈宁宫花园在慈宁宫和寿康宫南，是明清两朝太后太妃们礼佛和游憩之处，始建于明嘉靖十五年（1536年），清乾隆三十年（1765年）为满足乾隆皇帝的母亲孝圣宪皇太后礼佛、供佛的需要，对花园进行了大规模改建，遂成现制。
北京教区宣武门天主堂,BeijingXuanwumenChurch,3,112,96%,-
勑赐广化寺,GuanghuaSi,1,40,90%,-
辅仁大学旧址,FurendaxueSite,1,45,84%,-
基督教堂,HaidianChristianChurch,2,51,90%,-
醇亲王府,ChunqinwangRoyalResidence,1,43,92%,前身是纳兰明珠和醇亲王的府邸，感受昔日王府的气势。
循郡王府,MansionofPrinceXunjun,1,7,86%,-
涛贝勒府,TaoKingsMansion,3,8,76%,-
菊儿胡同,Ju'erHutong,3,69,92%,-
柳荫公园,DongchengLiuyinPark,1,177,94%,-
湖洞水,-,1,2,80%,是平谷重点旅游景区之一，位于平谷区东北部黄松峪辖区内，距平谷21公里。坐落于一个长约10华里的大峡谷中，游区总面积9平方公里，东西长六公里，南北宽一点五公里，其中水面面积6000平方米，建筑面积26000平方米。因此处峡谷中有湖，山中有洞，溪水…
人定湖公园,XichengRendingLakePark,2,198,94%,-
濂泉响谷,HuairouLianquanCanyon,2,19,86%,-
大戏楼,-,1,2,100%,美食荟萃的演艺秀场大戏楼坐落于北京东五环路京城梨园公园内。 大戏楼将传统的北京戏楼文化重彰于世，北京京剧院梅兰芳京剧团的常年精彩演出更是让人赞叹中华国粹之美。 大戏楼由建国初期的四大名厨之一陈胜嫡传弟子——北京特级烹饪大师李悦忠领衔…
中国工美馆中国非遗馆,NationalArtsandCraftsMuseum(ZhongguoGongyiMeishuguan),1,24,96%,-
宣武艺园,BeijingXuanwuYiyuanGarden,3,140,94%,-
民族文化宫,BeijingCulturalPalaceOfTheNationalities,1,52,96%,-
琉璃河大桥,FangshanLiuliRiverGreatBridge,1,10,90%,-
北大红楼,PekingUniversityRedBuilding,1,68,94%,-
中华圣公会教堂,ChineseAnglicanSaviorChurch,1,15,94%,-
燕墩公园,BeijingYandunScenicResort,1,5,98%,-
南馆公园,NanguanPark,1,83,92%,-
霞云岭国家森林公园,XiayunlingNationalForestPark,2,14,86%,-
二处灵光寺,-,3,1,00%,"灵光寺是八大处现存最重要的一座寺院，始建于唐大历年间（766-779年）。灵光寺山门殿面朝东南，山门殿中供奉释迦牟尼佛纯铜贴金铜造像，为泰国僧王赠送。灵光寺内原有五进庙堂，现仅存""大悲院""、""鱼池院""、""塔院""三处院落。大悲院中，南有观音殿，…"
遥桥古堡,YaoBridgeGubao,2,9,90%,-
白羊沟,-,1,2,80%,白羊沟自然风景区地处山前暖带，资源丰富，植被茂盛，环境优美，风景独特，整个景区遍布奇花异草、俊峰怪石，保持着众多的自然景观，有浓郁的野趣。
焦庄户地道战遗址纪念馆,MuseumoftheTunnelWarfareofJiaozhuanghu,1,25,90%,-
万松老人塔,WansongOldManTower,1,22,94%,-
张坊宋辽古战道,ZhangfangAncientWarTunnel,1,13,76%,-
通惠河玉河遗址,TonghuiheYuheRelicSite,3,14,92%,-
源升号博物馆,HongxingYuanshengHaoMuseum,1,20,84%,-
三眼井胡同,-,2,2,70%,三眼井胡同，清朝属皇城，乾隆时称三眼井胡同，因胡同内有一口三个井眼的井而得名。
中国馆（北京世界园艺博览会）,-,0,2,100%,追华夏园艺历史长河，观九州园艺辉煌杰作，赏山水林田湖草律动生机
园艺小镇（北京世界园艺博览会）,-,0,2,100%,-
东小口森林公园,DongxiaokouForestPark,1,67,90%,-
中央美术学院,CAFAArtMuseum,1,44,88%,-
清华园,-,1,2,100%,-
立水桥公园,LishuiqiaoPark,1,36,90%,-
城隍庙,"TownGod'sTemple,JuyongPass",0,5,92%,-
承乾宫,Chengqiangong,2,10,94%,-
香岩宗印之阁,-,5,2,00%,香岩宗印之阁是颐和园万寿山后山汉藏建筑群的主体建筑。从2010年10月17日到2012年4月25日，国家进行了30年来首次大规模的修缮，主要是恢复四大部洲建筑群光绪时期的历史风貌，同时增加进一步完善了像消防、监控、防雷防电等新的这种科技保护的手段…
法海禅寺,FahaiTemple,2,126,90%,法海寺内拥有国内现存最完整、面积最大的明代壁画，堪与敦煌壁画媲美，是法海寺的镇寺之宝。
三里河公园,SanlihePark,2,66,98%,-
大水法,DashuifaSite,2,118,94%,-
石景山区石刻博物馆(田义墓),-,1,19,88%,-
城市绿心森林公园,CityLvxinForestPark,0,2,90%,-
中国铁道博物馆正阳门馆,ChinaRailwayMuseumZhengyangmenMuseum,1,163,94%,收藏和展出60余台珍贵的文物机车和车辆，其规模之大居国内首位。
石刻艺术博物馆,ArtMuseumofStoneCarvings,1,79,90%,-
北京大戚收音机电影机博物馆,-,0,2,100%,展示和宣传收音机和电影机文化。
莲花山森林公园,-,0,2,80%,莲花山森林公园景区位于北京市延庆区东南大庄科乡境内，紧邻昌赤路，交通便利。 莲花山森林公园因其山体酷似一朵巨大的莲花而得名。它不仅因传说“莲花”美女及汉钟离、吕洞宾曾在此山修炼成仙而闻名，更因山奇、水美、林茂、谷幽而引来八方游客。
永定门公园,YongdingmenPark,1,60,94%,-
南海子麋鹿苑,NanhaiziMiluPark,1,227,94%,-
雾灵山森林公园-千叠溪风景区,WulingshanForestPark-QiandixiScenicArea,0,2,00%,-
清江九龙潭,QingjiangJiulongPool,1,5,86%,-
九龙壁,TheNineDragonScreenofBeihai,0,23,96%,-
中国油画院,ChinaArtAcademeChinaYouhuayuan,0,12,88%,-
宝钞胡同,BaochaoHutong,1,3,100%,-
九龙壁,TheNineDragonScreenofBeihai,0,23,96%,-
北京自来水博物馆,BeijingMuseumofTapWater,1,61,94%,-
篱苑图书馆,LiyuanLibrary,1,17,86%,京城最有情调的书店之一，依山傍水，设计独特，文艺气息满满。
古北口村御道公园,-,1,2,100%,御道宫灯、街边公园、荷塘湿地，与自然环境融合为一，心旷神怡的宜居之所。
蒲洼乡,Puwaxiang,1,7,100%,-
留民营生态科普公园,-,0,2,20%,留民营生态农场位于北京市的东南郊大兴县境内，土地面积2120亩，耕地1650亩，该村位于永定河冲积平原地区，为第四纪覆盖物地区。
昌平公园,ChangpingPark(WestGate),0,151,92%,-
玲珑公园,LinglongPark,1,79,94%,-
不老屯,-,2,2,100%,游不老屯，探世外桃源美景。
顺义公园,ShunyiPark(EastGate),0,102,92%,-
石榴庄城市休闲公园,ShiliuzhuangPark(NorthGate2),1,51,90%,-
万寿山,WanshouMountain,8,177,96%,颐和园内的主体景观之一，山上名胜古迹众多。
昌平新城滨河森林公园,ChangpingNewTownBinheForestPark(SouthGate),0,9,86%,-
延禧宫,Yanxigong,0,55,94%,-
呀路古热带植物园,UluguTropicalBotanicalGarden,2,304,90%,北京最大的热带植物园，汇集数百种热带植物物种，让你在北方畅享热带风光。
海棠花溪,HaitangHuaxi,4,64,96%,-
白瀑寺,BaipuTemple,1,21,90%,-
城市大道,BeijingUniversalCityAvenue,0,2,96%,-
妙峰山娘娘庙,-,1,2,80%,妙峰山娘娘庙始建于明朝，每年农历四月初一到十五，来自全国各地的几十万善男信女，几百档花会前来朝顶进香，形成华北地区规模最大的进香庙会，各种民间香会边走边练，幡旗飘扬，鼓磬齐鸣。妙峰山庙会期，京都万人空巷，其规模堪称华北之首。
玉东郊野公园,-,0,2,0%,玉东郊野公园位于北京市海淀区玉泉山以东，颐和园以西，东临皇家园林颐和园，西望玉泉山，北接北玉沟河，南临金河。公园自然风景优美，富有山野情趣，以玉泉山和颐和园的著名诗词为基调，通过耕织怀古、玉泉因借、翠林小筑、林檎微诚、林疏峰遥、寻…
清河翠谷公园,-,2,2,60%,清河翠谷公园位于清河小营桥西北角往南到清河中学，公园绿树成荫，鸟语花香。这条绿色走廊依路南北延伸，为古镇清河增添了一抹亮色，如同敞开在京北门户上的一条绿色地毯，热情地迎接着天南地北的来客。
皇极殿,HallofGreatSupremacy,1,29,94%,-
窑洼湖公园,YaowahuPark,0,46,88%,-
谐趣园,GardenofHarmoniousInterest,2,76,96%,-
福海公园,FuhaiPark（WestGate）,1,13,86%,-
钟粹宫,ZhongcuiPalace,0,24,92%,-
蒲洼东村,"DongVillage,PuwaTownship",1,2,00%,-
青龙桥车站,QinglongqiaoRailwayStation,2,38,96%,-
猕猴桃谷风景区,MihoutaoguSceneicArea,0,12,88%,-
窑洼湖公园,YaowahuPark,0,46,88%,-
朝阳公园-方舟湖,FangzhouLake,0,6,96%,-
慈宁宫,CiningPalace,4,23,94%,-
中关村创业大街,-,2,2,100%,中关村创业大街位于北京市海淀区，是北京市“一城三街”的重要组成部分。
鸦儿胡同,-,1,2,60%,鸦儿胡同属西城区什刹海街道。东南起小石碑胡同，与烟袋斜街相连；西北至甘露胡同。元代称沿儿胡同，为后海北沿。明代称广化寺街。清代取沿儿胡同，谐音称鸭儿胡同，胡同内6号院为萧军故居。
华韵·泠空间,-,0,2,100%,泠空间，取艺术家陈家泠先生名字中的“泠”字，并在全馆主要展示陈老的国画作品，其子陈亮的实木家具也是馆中亮点。泠空间还设有零基础社交绘画活动——丙烯画体验，可以尽情发挥想象创作出意想不到的作品。
中国第四纪冰川遗迹陈列馆,ZhongGuoDiSiJiBingChuanYiJiChenLieGuan,0,36,86%,-
北京交通大学,BeijingjiaotongUniversity,2,67,92%,-
天门山森林公园,TianmenMountainNationalForestPark,5,8,96%,-
东六宫,SixEasternPalaces,1,14,94%,-
天旋自然风景区,LuzishuiTianxuanSceneicArea,1,5,72%,-
永安寺,Yong'anMonastery,1,22,92%,-
景仁宫,Jingrengong,2,11,90%,-
大城小像北京,LittleBigCityBeijing,0,13,94%,-
奥伦达部落,Orenda,0,8,94%,-
鬼笑石,GhostLaughStone,0,6,94%,-
首钢工业遗址公园,ShouganggongyeRuinsPark,0,108,92%,-
中国民航博物馆,CivilAviationMuseum,0,18,92%,-
清华学堂,TsingHuaCollege,2,15,96%,-
庆丰公园,QingfengPark,2,110,94%,-
武英殿,WuyingPalace(PaintingandCalligraphyGallery),1,30,94%,-
郭守敬纪念馆,BeijingHuitongAncestralHall,3,63,90%,-
北京基督教会崇文门堂,AsburyChurch,1,32,92%,-
北京艺术博物馆,BeijingArtMuseum,2,58,94%,-
百鸟园,-,1,1,20%,百鸟园是目前北京唯一的鸟类观赏保护中心，总占地面积约100亩。园中矗立着一张巨型鸟网，中心高度40米，边网高18米，覆盖面积达2.2万平方米，网内目前共放养近100多个品种、2500余只鸟，并将逐步增加。百鸟园中有许多种类属于我国一、二类保护动物…
北京火德真君庙,BeijingHuoshenTemple,1,45,90%,-
总理各国事务衙门建筑遗存,RemainingoftheArchitectureofthePrimeMinister'sOffice,2,7,92%,-
皇帝船码头,-,2,1,100%,从北京展览馆后湖“皇帝船码头”乘皇帝船进北京动物园，休闲之中体味老北京文化，重走当年皇家御用线路，感受中国“塞纳河”之旅 ！
草场地美术馆,-,1,1,0%,-
社稷祭坛,Shejitan,2,25,96%,-
凤凰台,-,1,1,0%,"凤凰台，又称井台山，是京东大峡谷旅游区的两大旅游区之一，乃大峡谷东侧峰顶，海拔800米。因其顶平阔如台，又有一井，井水甘冽如泉，故名。凤凰台松林茂密，树盖遮，遍岗山珍，空气清新，可谓天然氧巴，是绝佳的生态游览之地。
凤凰台四季景致各有…"
郑王府,BeijingZhengPrinceHouse,1,16,94%,-
中山堂,-,1,1,100%,一四二一年(明永乐十九年)建。原名“拜殿”，是明清两代皇帝祭祀时休息或遇风雨行礼的地方。
李大钊故居,LiDazhaoFormerResidence,2,39,94%,-
僧格林沁祠,BeijingSenggelinqinAncestralHall,1,19,90%,-
北新仓,-,1,1,00%,"北新仓在东城区北新仓胡同甲16号。为明、清两代粮仓。
元代时，东直门一带曾为河道，明中期，仍可漕运，在此先后设立海运仓、北新仓储存漕粮。故南门为海运仓，北门为北新仓，结构呈“日”字形。明代初期官仓有严格的收支制度，收、放粮的容器也有…"
万春亭,WanchunPavilion,6,59,96%,-
云岫谷游猎,-,1,1,40%,云岫谷游猎自然风景区位于密云县新城子乡遥桥峪村，距北京132公里，东邻雾灵山森林公园，西邻司台长城。景区距遥桥峪水库仅1里之遥，是二日游的中心地点。云岫谷最高海拔1700米，植被覆盖率在95%以上，年平均气温12度，是避暑消夏的好去处，云岫谷…
西交民巷,XijiaominAlley,1,19,92%,-
宁郡王府,-,1,1,00%,"北京城内中央有一大片鲜亮的黄色，那是皇帝居住的宫殿，耀眼的是黄琉璃瓦。皇城之外，还星星点点散布着若干绿色，那是皇帝敕封的王爷府第，闪烁的是绿琉璃瓦。 

在东单路口100米路东的北汲阁三条，有一处古老的王府，现已破落陈旧，只有从斑驳的外…"
夕照寺,BeijingXizhaoTemple,1,55,92%,-
北京中国政法大学,ChinaUniversityofPoliticalScienceandLaw,2,20,86%,-
小龙门森林公园,-,1,1,0%,龙门森林公园地处北京最高峰－－灵山，平均海拔1330米，距京114公里，公园总面积771公顷。四面群山奇俊，有长城通道、城墙、古敌楼遗址，站在峰顶远眺，东、西灵山（小五台山）对峙。 龙门森林公园，是天然动、植物园、有动物七百余种，其中哺乳动…
银狐洞,SilverFoxCave,2,47,90%,-
礼亲王府,-,1,1,00%,"礼亲王府位于西城区西皇城根南街西侧，即大酱坊胡同东口路北。清太祖努尔哈赤第二子、清初开国八大铁帽子王之一代善之府。
代善崇德元年(1636)受封为和硕礼亲王。顺治十六年(1659)代善之孙杰书袭礼亲王爵，改封号为康亲王。此处府址是杰书袭封后择…"
丰台药王庙,YaowangAncestralHouse,1,3,94%,-
金陵遗址,-,1,1,100%,金陵原在黑龙江省阿城县，公元1153年建都燕京（北京）后，于1155年迁来太祖睿陵和太宗陵。在云峰山脚下，修建了北京地区第一个皇家陵园。1156年又迁来始祖等10个帝陵。后熙宗、世宗、章宗、睿宗、显宗等也陆续葬于此地，金陵故此得名。陵区内还葬有…
袁崇焕墓和祠,AncestralHallandTombofYuanchonghuan,1,21,92%,-
当铺李,-,1,1,0%,当铺李原为李姓人开设的当铺。3号和5号原为一院。当铺坐北朝南，临街为一面砖墙，类似城墙。大门开在西边，现为5号。门上部有一碉堡状砖砌方楼，为瞭望台，上有六孔，可以暇望、守卫。因形似炮台，又属李氏，故俗称炮台李。门框为石质，铁门，铁门…
杨令公祠,MiyunYangLinggongAncestralHall,1,2,82%,-
三山庵,Sanshan'an,2,17,96%,-
九龙十八潭,-,1,1,80%,九龙十八潭位于太师屯镇，其内地构造为熔岩地形，分布着大量洞穴，有古洞悬阳、池泉洞、仙药洞、卧虎洞等，是游人踏青、避暑、采摘、赏冰的好去处。
卧佛山,LyingFoshan,2,21,60%,-
中山会馆旧址,-,0,1,0%,中山会馆旧址在宣武区珠朝街5号。相传为明代权臣严嵩的花园别墅。此园分前、中、后3大院，大门内是一座木影壁；绕过去便是大客厅，客厅的四周有回廊环绕，另外有魁星楼、戏台、假山、亭树、水池、小石桥、什锦窗院墙等。
将军关长城,PingguJiangjunguanGreatWall,1,11,86%,-
灵鹫禅寺,LingjiuBuddhistTemple,1,2,100%,-
沈家本故居,FormerResidenceofShenJiaben,0,8,88%,-
唐指山风景区,tangzhishanfengjingqu,1,4,88%,-
瑞云寺,FangshanruiyunTemple,1,2,50%,-
万佛堂花塔,-,1,1,0%,"万佛堂花塔是万佛堂孔水洞的组成部分。花塔建于辽咸雍六年(1070)，是中国现存准确年代最早的花塔。
塔坐北朝南，砖结构，通高约24米。下部平面八角形，上部呈笋状。须弥座高5米，笋状塔身，下侧嵌镶两层楼阁。往上至顶是佛龛，内各供佛像。每龛下，…"
金炉圣母铸钟娘娘庙,-,1,1,100%,"金炉圣母铸钟娘娘庙在西城区小黑虎胡同24、26号。始建年代不详。清顺治、乾隆、道光年间几次重修。庙内原有四次重修碑记。
庙坐北朝南，中轴线上依次为山门1间，砖券门石门额上书“金炉圣母铸钟娘娘庙”，前殿3间，中殿3间，东西配殿各3间，后殿3间…"
一处长安寺,-,2,1,00%,"长安寺位于公园大门以南一里多地，原名""善应寺""创建于明弘治十七年（1504年）。后历经修建，规模日大，改称长安寺。 长安寺西倚翠微山，坐西朝东，红墙围绕，两进四合。入门便是一砖石景壁，上有""登欢喜地""四字。沿西向甬路前行，登数十级台阶为该…"
平西抗日纪念馆,PingxiKangriZhanzhengMemorialHall,1,6,94%,-
清河清真寺,QingheMuslimTemple,1,19,82%,-
文峰塔,-,2,1,0%,文峰塔位于平谷县东高村镇东高村东500米的山顶上。始建于明代 ，清道光二十四年(1844)重修。塔为六棱实心，共分三层，通高8米，南北各有一块石刻镶于其中，是平谷县现存唯一的古塔。
国色天香牡丹园,Beijing-TianjinVeryBeautifulPeonyGarden,1,4,82%,-
文天样祠,-,1,1,00%,"文天祥祠坐落在东城区府学胡同63号，明清两代为祭祀南宋抗元英雄文天祥，将当年文天祥被囚禁的土牢旧址扩大改建而成，至今仍保持明代的建筑风格。1984年10月对外开放。
文天祥(1236一1282)，字宋瑞，号文山，江西吉水人。1279年抗元失败后，被掳至…"
清华大礼堂,TsinghuaAuditorium,1,86,96%,-
詹天佑纪念馆,MemorialHallOfJantianyou,1,81,94%,纪念詹天佑先生的生平贡献，了解中国早期铁路人的艰辛和奋斗。
宜德源田野文化园,-,0,1,20%,宜德源田野文化园主要以介绍中国传统田野文化为主。
观音洞,-,1,1,60%,-
舍卫城,-,1,1,00%,文化遗址舍卫城是圆明园建筑之一，典型的佛教建筑，俗称佛城。供奉城隍爷、关帝君、三世佛、弥勒佛等。每月初一、十五，或逢佳节时令，皇帝至此拈香拜佛，并有首领太监充当僧人上殿念经。
姚惠芬刺绣艺术馆,-,1,1,0%,姚老师1967年生于刺绣的故乡-苏州。她自幼学习苏绣，亦有50年的创作经验，自1991年至今曾几十次荣获国家级工艺美术大奖，，被誉为“苏绣传人”“中华巧女”等称号。我们特此建立“姚惠芬刺绣艺术馆”，通过展示精品和苏绣技法，实现展示、研学、销…
北海公园阐福寺,-,1,1,00%,北海公园阐福寺位于北海公园内，原为明朝太素殿的一座行宫是皇室避暑的地方，清乾隆初年作为先蚕坛。
北京鲁迅中学,-,1,1,00%,北京市鲁迅中学在紧邻北京市中心最繁华的西单商业区的新文化街，稍不经意，就会错过一处独具特色的人文景观，一个融西欧古典风格与中国园林特色于一体的建筑群悄然坐落于一片繁华与喧嚣之中。
世界机器人大会展馆,PavilionofWorldRobotConference,0,1,00%,-
花卉博览会主题公园,-,1,0,100%,第七届中国花卉博览会（北京展区）主展馆，占地面积138216平方米，总建筑面积16.8万平凡米，由展馆、物流中心、交易中心组成。是国内迄今为止最大的集花卉展览、物流、研发、交易于一体的专业场所。
红螺三险,YoulanMountain,2,2,100%,-
光华路,-,3,1,0%,位于朝阳区西部。东起西大望路，西至建国门北大街。因路中段北侧的光华染织厂而得名。
法海寺森林公园,-,1,1,100%,位于石景山区模式口村北，翠微山南麓的法海寺，是我国现在保存下来的最完好而鲜明的明代壁画，在中国乃至世界的壁画艺术中占有重要位置，深受文物界和美术界推崇。所绘内容全部是佛教世界中的十方佛众、二十诸天、天龙八部、飞天仙女、动物花卉等，…
香港传承国际展览有限公司北京公司,-,0,1,0%,-
东升文体公园,DongshengwentiPark,0,33,90%,-
长春健身园,ChangchunFitnessPark(EastGate2),0,31,96%,-
西顶庙,Xidingmiao,0,7,92%,-
七棵树创意园,QikeshuCreativePark,0,6,64%,-
观音禅寺,GuanyinchanTemple,0,8,92%,-
生活体验馆（北京世界园艺博览会）,-,1,1,100%,爱园艺、爱生活。
水木清华,TheLandofWoodsandWaters,0,6,94%,-
北京人艺戏剧博物馆,TheatreMuseumofBeijingPeople'sArtTheatre,1,40,96%,-
东四胡同博物馆,DongsihutongMuseum,0,3,96%,-
白石岭长城,BaishilingGreatWall,0,14,92%,-
马家湾湿地公园,MajiawanWetlandPark,0,4,98%,-
百花公园-西区,WestDistrictofBaihuaPark,0,1,00%,-
阳光宝贝儿童乐园,-,0,1,0%,-
天通苑街心花园,TiantongyuanJieXinGarden,0,1,94%,-
斋宫,FastingPalace,1,63,96%,-
民生现代美术馆,BeijingMinshengArtMuseum,1,10,92%,-
通州运河公园,BeijingTongzhouCanalPark,2,142,94%,-
外金水桥,GoldWaterBridge,0,57,94%,-
镇北楼,ZhenbeiBuilding(ZhengbeiBuilding),0,1,90%,-
北京平谷国际徒步大道,PingguWalkway,1,12,96%,-
南马场水库,NanmachangReservoir,2,25,96%,-
北京工业大学计算机学院,CollegeofComputerScienceandTechnologyBeijingUniversityofTechnology,0,19,92%,-
广福观,GuangfuTemple,0,41,86%,-
外金水桥,GoldWaterBridge,0,57,94%,-
朱炳仁艺术博物馆,ZhubingrenArtMuseum,0,14,92%,-
东郊湿地公园,DongjiaoWetlandPark,0,17,96%,-
永寿斋,-,1,1,0%,永寿斋建于光绪年间，毗连慈禧太后的寝宫乐寿堂，是清末总管太监李莲英在园内的住处，俗称“总管院”。李是慈禧太后的心腹太监，其住所装饰十分华贵。
八一湖,BayiLake,1,72,94%,-
八一湖,BayiLake,1,72,94%,-
科劳迪萌宠庄园,KelaodiMengchongManor,0,2,94%,-
昌平七孔桥花海,ChangpingSeven-holeBridgeFlowerSea,2,23,90%,-
潘家园,Panjiayuan,1,334,92%,全国最大的旧货市场，经常能淘到不少有意思的东西。
国家动物博物馆,GuojiadongMuseum,0,6,92%,-
雾灵西峰风景区,WulingxifengSceneicArea,1,37,88%,-
百瑞谷景区,BairuiguSceneicArea,0,12,86%,-
回龙观公园,HuilongguanPark,0,102,88%,-
九龙壁,-,2,1,0%,北海的九龙壁是最有特色的一座，两面有龙，升降各异，互不雷同。
七里渠农场,QiliquFarm,0,5,66%,-
康顺达生态园,-,1,1,0%,北京康顺达农业科技有限公司座落在密云县河南寨镇，下辖2个生态有机农业园区，计划总投资1.2亿元，是一家集生态基地、食品研发、生产加工、农业观光、休闲旅游、农业科普教育于一体的现代股份制企业。
东城区图书馆影剧院,-,1,1,0%,东城区图书馆影剧院主要放映经典著作影片和海内外流行最前沿的影片，影院内环境优雅，四周环绕立体声音响，让每一个角落的人都能听到振憾，逼真的电影原声。
干面胡同,-,1,1,0%,大师云集的干面胡同
街心花园,-,1,1,0%,公园兴建于1995年，占地面积1.7公顷，采用了规整式和自然式相结合的手法，以喷泉广场为核心，南、北中轴对称，形成中心活动区。
九龙壁,-,2,1,0%,北海的九龙壁是最有特色的一座，两面有龙，升降各异，互不雷同。
七里渠农场,QiliquFarm,0,5,66%,-
回龙观公园,HuilongguanPark,0,102,88%,-
西堤(昆明湖路),"WestDyke,SummerPalace",1,115,98%,-
地铁文化公园,RailwayCulturePark,1,54,88%,-
燃灯佛舍利塔,DipamkaraBuddhaBuddhistRelicsPagoda,1,22,94%,-
康庄公园,KangzhuangPark,1,77,92%,-
北京野生动物园自驾游览区,-,1,1,100%,-
鸵鸟散放区,-,0,1,0%,-
IOMA爱马思艺术中心,IomaAimasiArtCenter,0,1,80%,-
楼台村,Loutaicun,0,6,92%,-
京杭大运河,Beijing-HangzhouGrandCanal,2,69,92%,-
宋庄艺术区,SongzhuangArtColony,4,42,90%,北京著名的艺术家聚集地，浓厚的文艺氛围堪比798艺术区。
菖蒲河公园,ChangpuRiver,1,78,92%,-
金祖山,JinzuMountainSceneicArea,1,3,72%,-
水峪村,ShuiyuVillage,1,13,84%,-
红楼公共藏书楼,PublicLibraryonADreaminRedMansions,0,1,100%,-
菖蒲河公园,ChangpuRiver,1,78,92%,-
北京潘家园古玩城,BeijingCurioCity,0,103,90%,-
怀柔水库,HuairouReservoir,2,57,90%,-
太和门,TaiheGate,3,178,94%,中国古代最高规格的门，曾是皇帝御门听政的地方。
中塔公园,-,1,1,100%,中塔公园——中央电视塔绿地位于海淀区西三环中路西侧，中央电视发射塔东北。公园南有场合、中央电视塔、太平洋海底世界等旅游景点和电器商场，东侧隔三环路与玉渊潭公园相望，北侧为阜成路、航天桥。中塔公园作为中央电视塔景观的延伸，是在户外展…
京城森林公园,-,0,1,0%,京城森林公园位于姚家园路与黄杉木店路交汇处以南，南临规划六里屯路，占地650亩。将于2012年5月向游人免费开放。
北京湾,-,1,1,100%,-
文昌阁,-,1,1,100%,文昌阁是一种传统祭祀建筑，为祭祀传说中掌管文运功名之神，保一方文风昌盛而建。文昌帝君是汉族民间和道教尊奉的掌管士人功名禄位之神。古时认为是主持文运功名的星宿。
大洼尖（房山）,-,1,1,0%,大洼尖（房山）位于房山区中部，大石河与拒马河之间，东距房山城约19公里。
新望京楼,-,1,1,0%,“新望京楼”在香山公园以西海拔775米，与香山公园的香炉峰仅一谷之隔，比海拔557米的森玉笏高了许多。“老望京楼”的海拔高度和香炉峰差不多，位置在香炉峰正北玉皇顶背后的山峰上。
炭儿胡同,-,1,1,0%,炭儿胡同在北京正阳门外大栅栏以西，那里小胡同纵横，炭儿胡同是其中东西方向的一条。清末，在这条胡同里，逮捕过一个由光绪帝亲自点名的要犯——刑部的一个书吏。
乐贝奇儿童主题乐园,-,0,1,0%,-
Yuan（北京世界园艺博览会）,-,1,1,0%,通过独特的现代设计语言，探索人与自然的关系。
海南园(北京世界园艺博览会),-,0,1,100%,带领世人领略椰岛海韵。
国际馆（北京世界园艺博览会）,-,0,1,100%,讲述“一带一路”沿线园艺文化故事，荟萃世界各地独特的园艺成果与贡献
永宁阁,-,0,1,100%,采用中国北方唐辽风格的传统建筑形式，高台阁院式布局。
东四十四条胡同,-,1,1,00%,位于北京市东城区东北部。东起东直门南小街，西至东四北大街。
须弥灵境,-,5,1,00%,须弥灵境是颐和园（清漪园）万寿山后山的主要建筑群，亦称“四大部洲”。
大杨山国家森林公园,-,1,1,100%,北京大杨山国家森林公园位于昌平区东北部延寿镇境内，属燕山山脉，总面积达2106.5公顷，景区森林覆盖率90%以上，属北温带季风气候，距安定门40公里，是距市区最近的旅游风景区之一。
须弥灵境,-,5,1,00%,须弥灵境是颐和园（清漪园）万寿山后山的主要建筑群，亦称“四大部洲”。
庞各庄镇,DaxingPangezhuangTown,1,15,92%,-
后溪河,-,1,1,0%,后溪河位于颐和园内，连接着苏州街水域和昆明湖。
寅辉城关,-,1,1,80%,寅辉城关位于北京颐和园内的万寿山后湖景区，是颐和园内六大城关之一，始建于乾隆年间，东边石额刻“寅辉”，西边刻“挹爽”，与西部的“通云”城关遥相呼应，皆是苏州街的陆上关口。
凤凰公社,PhoenixCommune,1,7,96%,-
大戚收音机电影机博物馆,ShouyinjiDianyingjiMuseum,0,12,90%,-
木木美术馆,BeijingMWOODSMuseum,2,11,86%,-
宋庄文化公园,SongzhuangCulturePark,0,31,92%,-
劲松五区公园,JinsongWuquPark,0,1,98%,-
翠微烟雨公园,CuiweiyanyuPark,0,47,90%,-
石景山雕塑公园,ShijingshanSculpturePark,1,48,92%,-
永安公园,Yong'anPark,0,38,94%,-
国际馆,InternationalPavilionofBeijingExpo,0,67,94%,-
卓越艺术,798JOYART,0,7,80%,-
万寿公园,BeijingWanshouxiPark,2,114,90%,-
通州清真寺,TongzhouMosque（NorthGate）,0,4,94%,-
民间奥运博物馆,Minjian'aoyunMuseum,0,8,94%,-
黄松峪水库,HuangsongyuReservoir,1,18,86%,-
什刹海西海湿地公园,ShichahaiXihaiWetlandPark,0,59,94%,-
北二环城市公园,Bei'erhuanChengshiPark,1,43,94%,-
通州清真寺,TongzhouMosque（NorthGate）,0,4,94%,-
北二环城市公园,Bei'erhuanChengshiPark,1,43,94%,-
黄松峪水库,HuangsongyuReservoir,1,18,86%,-
北寨村杏花海,ApricotFlowerSeainBeizhaiVillage,1,2,86%,-
东风公园,DongfengPark,1,13,88%,-
德胜门,DeshengGate,2,33,92%,-
五道口,Wudaokou,2,161,92%,-
鸟巢文化中心,Bird'sNestCulturalCenter,0,2,00%,-
石雀胡同,-,1,1,00%,石雀胡同，清朝属正白旗，乾隆时称石桥胡同，宣统时称石雀胡同。民国后沿称。“文化大革命”中一度改称红日路十七条，后恢复原名。
龙骨山,-,1,1,0%,龙骨山是中外驰名的一座山，在房山区周口店西。因山上盛产中药龙骨而得名。这些龙骨是怎么来的呢?大约在五、六十万年前，在这座小山上的天然洞穴里，居住着一种原始人类，这就是“北京人”。
梁启超墓,-,1,1,0%,梁启超墓是梁启超家族墓园，梁启超、他的两位夫人、弟弟梁启雄还有三位儿子均葬于此地。
习礼亭,-,1,1,40%,习礼亭在南坛门对面，是一座建筑精美的暖亭。明清时原是鸿胪寺中的一座亭子，专为演习朝见皇帝之礼用。
妫川广场,-,1,1,100%,​妫川广场坐落于延庆县城中心，一座名为“妫川情”的大型现代雕塑作为延庆的标志矗立在广场中心，挺拔壮观，气势恢宏。​雕塑脚下是广场，用来集会、举办大型活动和市民休闲。
石雀胡同,-,1,1,00%,石雀胡同，清朝属正白旗，乾隆时称石桥胡同，宣统时称石雀胡同。民国后沿称。“文化大革命”中一度改称红日路十七条，后恢复原名。
廓然大公,-,1,1,00%,本景亦称双鹤斋，位于舍卫城东北面，是园中一组较大的建筑，仿无锡惠山的寄畅园而建。主体建筑北濒大池，园内景色倒映水中犹然两景；另有诗咏堂、菱荷深处等景点。
龙骨山,-,1,1,0%,龙骨山是中外驰名的一座山，在房山区周口店西。因山上盛产中药龙骨而得名。这些龙骨是怎么来的呢?大约在五、六十万年前，在这座小山上的天然洞穴里，居住着一种原始人类，这就是“北京人”。
颐和园耕织图景区,-,1,1,0%,颐和园耕织图景区位于颐和园西北部，是一座占地25公顷的大型博物馆式园林景区。颐和园耕织图是由耕织图（包括延赏斋、织染局、蚕神庙、耕织图石碑）、水村居，以及水乡田园式的环境组成，曾是清漪园的重要组成部分。颐和园的前身清漪园始建于1750年…
北京城市观光赛笛芭诗旅游巴士,-,0,1,0%,串联北京城内富有魅力的游览目的地
金水河,-,1,1,100%,金水河分为内金水河和外金水河。流经故宫内太和门前的是内金水河，流经天安门前的金水为外金水河。
平谷玻璃栈道,-,1,1,100%,天云山“勇者”玻璃栈道建设在天云山景区海拔1149米的山崖上，是全国最长的玻璃栈道，全长160米。
妙峰山森林公园,-,1,5,0%,妙峰山风景名胜区，位于北京市西门头沟区境内。景区以“古刹”、“奇松”、“怪石”、“异卉”而闻名。属太行山余脉，主峰海拔1291米，山势峭拔，有日出、晚霞、雾凇、山市等时令景观和千亩玫瑰花，有华北地区规模最大的传统朝圣庙会等。妙峰山已成…
2019去哪儿亲子年票,-,0,1,0%,一卡畅游70+家场馆/景区
贝家花园,-,1,1,90%,贝家花园，始建于民国时期，位于阳台山东麓，依山势而建，共有三组建筑，分东南石楼，北部的建筑群，西南部的建筑群，现存建筑有石楼、二层北楼、石碉楼、水池、西南部正房、排房，其中石楼位于三组建筑群的东侧约二百米处，石楼坐西南朝东北，正门…
北京工业大学耿丹学院,BeijingGongyeDaxueGengdanCollege,0,1,0%,-
山海经传习馆,-,0,1,0%,-
东山村,-,1,1,0%,东山村位于门头沟区军庄镇的最东端，处于该区与海淀区、石景山区三区交界处，北倚香山，自古以来便是京白梨的主要产地。
长阳滑雪场,-,0,1,0%,-
狗牙山,GouyaMountain,1,4,86%,-
北苑公园,RuyuanPark,0,14,90%,-
老山城市休闲公园,LaoshanCityLeisurePark,1,57,92%,-
北市华彬高尔夫俱乐部,PineValleyGolf,0,7,90%,-
沙河水库,ShaheReservoir,0,42,86%,-
排云殿,Paiyundian,2,50,94%,-
大望京公园,BeijingChaoyangDawangjingPark(NorthGate),0,45,94%,-
正阳书局(西四南大街店),ZhengyangShuju,0,4,98%,-
东配殿,-,1,1,100%,-
景山前街,JingshanFrontStreet,0,34,90%,-
颐和园博物馆,WenchangCourt,4,40,94%,-
詹天佑旧居,"FormerResidenceofZhanTianyou,BadalingNationalForestPark",0,3,90%,-
秀水街,NewSilkAlleyMarket(XiuShui),1,147,90%,-
明十三陵列入世界遗产名录十周年图片展,-,0,1,00%,-
中国国际展览中心(新馆)-E1座,ChinaInternationalExhibitionCenter(NewPavilion)—BlockE1,0,0,00%,-
方家胡同,FangjiaHutong,3,65,92%,方家胡同更蜕变为艺术范十足的文创街区，其中尤以46号院为“个中翘楚”。
菜市口,CaishiKou,2,105,92%,-
央视总部大楼,CCTVHeadquartersBuilding,1,193,94%,-
常营马拉松体育公园,ChangyingPark,1,43,92%,-
八旗会馆,BaQiHall,1,48,90%,-
通州区科技馆,TongzhouDistrictScienceandTechnologyMuseum,0,4,92%,-
多宝琉璃塔,MultiTreasurePagodaofGlazedTiles,0,48,94%,-
北京民俗博物馆,DongyueTemple(BeijingFolkMuseum),1,125,94%,-
上海园（北京世界园艺博览会）,-,0,1,0%,"""祥云""画卷展海派风韵"
石羊沟峡谷,-,1,1,0%,由十几年前的雾迷山组白云岩构成，巨厚的白云岩被后期的断层切割，继而被雨水侵蚀风化，形成典型的峡谷地貌。
高仁山烈士墓,-,1,0,0%,高仁山烈士墓位于北京植物园内。
前波画廊,-,1,1,0%,-
雾灵山龙潭景区,-,1,1,100%,-
小西天,-,1,1,100%,小西天是中国最大的方亭式大殿。
圣莲山二十八盘,-,1,1,0%,圣莲山28盘是顺着上山的台阶上行中会经历28个拐弯，每个直道的台阶数目不等。
牡丹园,PeonyGarden,2,41,94%,-
西藏园(北京世界园艺博览会),-,0,1,100%,织绘出一幅展现尼木吞巴风光和当地幸福人居的画卷。
红井路(驾车游览),HongjingRoad,0,3,98%,-
长哨营满族乡,ChangshaoyingTownship,1,7,92%,-
华侨城英派斯健身游泳馆,-,0,1,100%,北京华侨城英派斯健身俱乐部成立于2008年，是一家高档会员制健身游泳一体化健身俱乐部，它秉承“健康力、生命力”的经营理念致力于国际流行时尚的健康运动的普及。
北京联合大学商务学院,BeijingLianheDaxueShangwuCollege,1,15,98%,-
将军坨风景区,ScenicSpotsofJiangjuntuo,1,12,86%,-
大王庙,DawangTemple,0,1,80%,-
勑赐承恩寺,Cheng'enTemple,2,12,90%,-
官园公园,GuanyuanPark,0,54,92%,-
古城公园,ShijingshanGuchengPark,0,82,88%,-
枣林公园,ZaolinPark（EastGate）,1,22,96%,-
北京新文化运动纪念馆,MemorialHallofNewChineseCulturalMovement,2,17,94%,-
万佛延寿寺,WanfoYanshouTemple（WestGate）,0,10,98%,-
田汉故居,TianhanFormerResidence,1,11,98%,-
棍贝子府,BeijingGunbeiziMansion,0,10,90%,-
南磨房四合院博物馆,NanmofangSiheyuanMuseum,0,7,92%,-
珍妃井,LadyPearl'sWell,4,48,86%,-
北京房山水头村,-,1,1,0%,水头村位于房山西南大石窝镇北部山区，因南泉水河发源源头而得名，千年古刹云居寺坐落于该村境内，使该村云居文化源远流长。
七星石,TheSevenStarStone,1,15,92%,-
百工博物馆,JingchengbaiWorkshop,1,26,88%,-
南磨房地区心连心广场,NanmofangXinlianxinSquare,0,1,100%,-
西海,XihaiSea,0,20,96%,-
白龙潭风景区,TheWhiteDragonPondofMiyun,0,36,84%,-
澹宁堂,DanningHall,1,5,92%,-
故宫家具馆,FurniturePavilionoftheForbiddenCity,0,4,100%,-
张家湾公园,-,0,1,100%,-
杨宋花海,-,0,1,00%,-
通明湖公园,YizhuangTongminghuPark,0,20,96%,-
礼士胡同,LishiHutong,1,26,90%,-
西湖园,XihuPark,0,19,92%,-
和平街艺术馆,ChaoYangQuHePingJieSheQuYiShuGuan,0,1,96%,-
东棉花胡同,DongmianhuaHutong,1,34,90%,-
草场地国际艺术村,CaochangdiArtDistrict,1,31,90%,-
北京大学-燕南园,Yannanyuan,1,33,96%,-
圆明园遗址公园-绮春园景区,QichunGarden,4,38,96%,-
清晏舫,QingyanStoneBoat,1,79,92%,-
畅音阁,Changyinge,1,16,98%,沉寂百年的畅音阁重新发声，中美元首夫妇在此共同欣赏国粹京剧。
南池子美术馆,-,0,2,96%,-
幽州大峡谷,YouzhoudaCanyon,1,5,98%,-
紫御湾码头,ZiyuwanWharf,0,18,94%,-
西什库天主堂,-,0,1,100%,-
杂书馆(国学馆),-,0,7,98%,-
故宫博物院-养心殿,HallofMentalCultivation,2,100,92%,-
陶瓷馆,-,2,0,0%,故宫博物院堪称中国最大的古代艺术品宝库，其中收藏陶瓷类文物约35万件，而且绝大部分属于原清宫旧藏，可谓自成体系，流传有绪。
青铜器馆,-,1,0,80%,故宫博物院陈列，将展现中国青铜文化与皇室文化的内在联系。
戏曲馆,-,1,0,0%,本展览依据故宫现存大量戏曲文物，从演戏机构、戏装砌末、剧本、戏台、帝后赏戏景观等方面加以展示，并遴选当年入宫名伶唱片复原播放，使观众从视觉和听觉上全面感受清代宫廷戏曲活动。
故宫雕塑馆,-,1,0,0%,故宫雕塑馆陈列在慈宁宫内，分为雕塑荟萃馆、汉唐陶俑馆、砖石画像馆、修德白石馆、佛教造像馆五部分，陈列面积约1375平方米，展品总数为425件。
北京警察博物馆,BeijingPoliceMuseum,1,27,90%,-
圣弥额尔天主堂,St.Michael'sChurch,2,39,96%,-
白河堡水库,BaihebaoReservoir,5,33,90%,-
施家胡同,ShijiaHutong,1,32,86%,-
北京基督教会缸瓦市堂,GangwaShitang,1,19,96%,-
中华圣经会旧址,-,0,0,70%,圣经会是专门印刷并发行基督教《圣经》的机构。
百顺胡同,-,1,2,00%,在八大胡同中百顺胡同名气最大。
陕西巷,ShanxiLane,2,63,88%,-
蔡元培故居,CaiYuanpeiFormerResidence,0,66,94%,-
九湾胡同,JiuwanHutong,1,9,86%,-
中国钱币博物馆,MoneyMuseumOfChina,1,48,92%,-
天桥乐茶园,-,2,1,80%,-
东单,-,2,5,86%,东单是北京的一处地区，位于东城区长安街、东单北大街、建国门内大街之间的十字路口。因昔日在那里有一座牌坊而名。
延寿寺,ChangpingYanshouTemple,1,25,88%,-
青年湖公园,QingnianhuPark,1,190,94%,-
北京考古遗址博物馆(大葆台西汉墓遗址),DahantaiWesternHanTomb,1,41,86%,-
金山,-,1,1,100%,"金山，位于北京郊区平谷县金海湖以北12公里处，是平谷境内储金最富的地方，故此得名。
海拔917米的金山山顶老盖平坦开阔，每逢夏秋两季，漫山遍野开满黄花，灿烂明艳，山下储有黄金，果然风水宝地，人间美景，故有“老盖黄花”说。
金山十景是：碣…"
麦罗公园,-,0,2,80%,"南山麦罗单板公园位于北京南山滑雪度假村内,是中国第一个单板公园。
许多知名的欧美滑雪场在滑雪区域内都专门设有单板公园,它与普通高山滑雪道的不同之处在于：高山雪道一般都是依山势而建,雪道两端的海拔高差大,滑雪者自上而下在带状的雪道上滑行…"
沙厂水库,JindingLake,2,12,64%,-
北京安徽会馆,AnhuiAssociationSite,1,1,90%,-
北京电影旅游城,BeijingFilmTouristCity,1,61,84%,-
观蓝谷薰衣草观光园,-,1,1,80%,观蓝谷薰衣草观光园位于怀柔区雁栖镇西栅子村，建于2006年，气候条件宜人，环境优美，是夏季度假的好去处。园区内从德国引种的近百亩薰衣草，生长态势良好。 整个园区分为五个功能不同的区域，是集种植、采摘、生活、体验、农业观光为一体的生态型…
南岗子天主教堂,BeijingNangangziChristanChurch,1,10,90%,-
万芳亭公园,WanfangtingPark,4,179,92%,-
于谦祠,YuQianTemple,1,11,88%,-
达园,-,1,0,0%,"达园原是北洋军阀王怀庆的私家花园，故俗称王怀庆花园，是京郊私家园林中保存最为完整的一座。
达园始建于民国初年，占地12万平方米，其中水面占三分之一。整个庭院融江南园林与北方建筑于一体，湖水山石叠映，亭榭长廊相连，绿树成荫，翠竹葱郁，…"
李鸿章祠堂,-,1,0,00%,李鸿章 (1823-1901)，安徽合肥人，清道光时进士，曾任湖广总督、直隶总督兼北洋通商事务大臣。死后谥“文忠”。是清代唯一在京师建立祠堂的汉人官吏。主要建筑有仪门、享堂及东西配房、碑亭等。存有享堂及东西配房。
普济寺,-,1,2,80%,普济寺在西海南沿48号。始建年代无考，重建于明正德十四年（1519）。
中央民族大学-民族博物馆,ZhongyangMinzuDaxueMinzuMuseum,1,53,92%,-
南新仓文化休闲街,NanxincangCultureandLeisureStreet,1,81,92%,-
张之洞旧宅,-,4,1,100%,"张之洞(1837―1909)，字孝达， 一字香涛，晚号抱冰，直隶(今河北省)南皮人。清末洋务派首领。曾创办汉阳铁厂、大冶铁矿、湖北枪炮厂等，督办粤汉铁路。宣扬“中学为体，西学为用”的洋务派理论。著有《张文襄公全集》。
大门在白米斜街，门外有照壁…"
天池山,-,5,1,80%,天池山风景区占地4万余亩，是集旅游、度假、餐饮、娱乐为一体的山林公园，园内群峰连绵起伏，山高谷深林密，有柿子、花椒供游人采摘。天池山顶峰有一泉水清澈碧绿，被称为“神水”。雨季来临到处是瀑布，似银河落地，似白链云中来的景观。园内有耕…
南宫世界地热博览园,NangongGeothermalExpoPark,1,52,92%,-
北京工商大学,-,0,4,96%,北京工商大学（BTBU）简称“北工商”，是北京市属多学科性重点大学，创办于1950年，是一所有着辉煌办学历史的全国重点大学。
景泰陵,BeijingJingtaiMausoleum,4,2,90%,-
宋庄画家村画廊,SongzhuangHuajiaCunGallery,2,7,86%,-
中国天主教爱国会,-,1,0,0%,中国天主教爱国会在西城柳荫街14号。1958年于北京正式成立。1982年，在北京成立中国天主教主教团，为中国天主教各教区的领导机构。有成员56人。并成立中国天主教教务委员会。第二届教务委员会有委员172人。
中影电影院,-,1,1,100%,-
源顺镖局旧址,-,1,0,0%,"源顺镖局旧址在崇文区西半壁街13号。清光绪五年(1879)创建，是京师著名镖局之一。创始人是京师武林名侠王子斌(1844-1900)，世称“大刀王五”。
镖局分前、后院和西跨院，有房屋50余间。后院为镖师们练功习武、起居之所。镖局分有水旱两路镖师。往北…"
阳平会馆戏楼,TheatreStageofYangpingGuildHall,1,7,86%,-
隆福寺,-,4,2,40%,"隆福寺是位于今隆福寺街东城区北京市上的一座格鲁派藏传佛教寺院。1976年，因唐山大地震，隆福寺残存殿宇受到损坏，后被全部拆除，现已不存。


	隆福寺始建于明代景泰三年（1425年），清雍正九年重修。隆福寺在明代是京城唯一的番（喇嘛）、禅（和…"
现代柏联大厦,-,0,0,0%,现代柏联大厦地处北京市“CBD”中心商务区内，位于建国门外大街建华南路，东毗邻建华南路，北距东长安街200余米，西临赛特饭店，南靠成远大厦，地理位置得天独厚。
清真寺,-,5,0,0%,"海淀清真寺位于海淀镇南西栅栏路西。始建于明末清初。
清真寺占地约30余亩，布局为三进院落。寺北辟有菜园，寺西有义地。礼拜殿为3间两卷前出抱厦，殿前有白石月台，殿中后部建窑殿1间，壁上书“米哈拉布”经文,殿顶中央建单据四角方亭一座，为伊斯…"
翰林院遗址,HanlinyuanRelicSite,3,4,90%,-
南口,-,1,1,60%,南口在昌平县西部。当燕山与华北平原交接处。因在居庸关南之口，故名。北魏曰下口，北齐曰夏口，金元时始称南口，并设镇。明初筑南口城。自古为北京郊区的重镇。现已开发为京郊的旅游胜地，新建有10个旅游工程：中华故土园、老北京微缩景区、东方不…
礼士胡同四合院,BeijingCourtyardofLishiAlley,2,21,90%,-
中国国家京剧院,-,1,0,0%,中国国家京剧院是中华人民共和国文化部直属的国家艺术院团，成立于一九五五年一月。首任院长为京剧艺术大师梅兰芳先生。现任院长系剧作家吴江。 自建院以来，剧院不断吸收各京剧流派的表演艺术家和著名的剧作家、导演、作曲家、舞台美术家等，组成…
普度寺,-,2,0,0%,"普渡寺大殿位于东城区南池子大街内普渡寺前巷。原址是明代南城的洪庆宫一部分。清初为摄政王(睿亲王)多尔衮进京后的住所，称为旧睿亲王府。康熙三十三年(1694)，改建成玛哈噶喇庙。1776年，乾隆将该寺赐名“普渡寺”。
另还有一处睿亲王府在外交部…"
北京顺天府大堂,ShuntianPrefecturalCourt,2,0,00%,-
程砚秋故居,FormerResidenceofChengYanqiu,1,4,80%,-
菩萨山风景区,ChangpingPusaMountain,2,1,90%,-
荣禄府,BeijingFormerResidenceofRongLu,2,21,92%,-
天仙瀑,MiyunTianxianWaterfall,2,8,76%,-
平谷飞龙谷风景区,PingguFeilongValley,2,1,100%,-
和敬公主府,BeijingPrincessHejingHouse,1,16,92%,-
桂公府,DukeGui'sMansion,2,44,92%,-
北京蔡锷故居,BeijingFormerResidenceofCaiE,2,2,86%,-
海淀公共安全馆,-,2,0,0%,海淀公共安全馆位于海淀公园北门，建筑面积达 8000 平方米，于2005 年6 月16 日正式对外开放。整个展馆分为交通、治安、消防、地震、水灾害、安全生产、人防、医疗卫生8 个展区。整个展区设计中应用了很多新技术的手段，包括鬼影技术、VR 互动技术…
黄寺,-,1,0,0%,"黄寺位于安定门外黄寺大街。有东黄寺和西黄寺，故称双黄寺。
东黄寺又名普净禅林，建于清顺治八年(1651)，是为治佛脑木汗所建，西黄寺建于顺治九年(1652)，达赖喇嘛五世在当年12月来京时住此。顺治十年(1653)，达赖刺嘛辞归。乾隆四十五年(1780)，…"
贤良祠,BeijingXianliangAncestralHall,1,2,86%,-
礼王府,PrinceLi'sMansion,1,20,90%,-
鼎族怡华(西单店),-,1,0,0%,-
宛平县署旧址,-,1,0,0%,"宛平县署旧址有两种说法：
一是旧址位于地安门西大街东官房。明占领元大都后，于此地区设北平府，附郭两县治均设于府城内，宛平县辖西部地带，衙署于洪武三年(1370)始建。万历十八年(1590)重修。原署南向，有大门、仪门、大堂、二堂、古墨斋等房屋…"
仪亲王府,PrinceYiMansion,1,8,96%,-
三一八烈士墓,3.18MartyrTomb,1,11,90%,-
通教寺,BeijingTongjiaoTemple,2,28,90%,-
昌平昌盛采摘园,-,1,0,0%,-
航空学会北京航空馆,-,2,1,100%,"中国航空学会北京航空馆成立于1986年，位于北京航空航天大学校园南侧，总面积9000平方米，是中国第一座向公众开放的综合性航空科技博物馆,宗旨是:“普及航空科技知识，为振兴中国航空事业，发展世界航空科学技术而努力”!
北京航空馆也是北京航空航…"
观妙亭,GuanmiaoPavilion,1,4,86%,-
绮望楼,QiwangTower,1,13,96%,-
富览亭,FulanPavilion,2,5,86%,-
辑芳亭,JifangPavilion,1,1,80%,-
寿皇殿,-,1,1,00%,寿皇殿整体建筑是仿照太庙的规制而建。屋顶式样与大内太和殿相同，更显得宏伟壮丽，气势辉宏，给人以庄严肃穆的感觉，是中国古代最高等级的建筑形式。景山寿皇殿是全国重点文物保护单位的重要组成部分。
明思宗殉国处,"SpotwhereChongzhen,thelastemperoroftheMingDynasty,hangedhimself",1,3,70%,-
同乐轩,-,1,0,0%,"1985年，北京建成了第一家“全景电影院”，地址在前门外大栅栏中间路北，即原来的“同乐电影院”旧址。而同乐电影院的前身，则是“同乐轩”戏园。
同乐轩始建于清代中叶，当时称“茶园”，与当时北京的众多茶园一样，以卖茶为主，辅以说书、唱戏、…"
五道庙,BeijingWudaoTemple,3,3,100%,-
天主教西堂,-,1,0,100%,"天主教西堂位于西直门内大街路南。是北京四大堂(北堂、南堂、东堂、西堂)中建成最晚的。
清康熙四十四年(1705)，铎罗主教来华，随员中有位德理格神父，后在宫内教授皇子西学。清雍正元年(1723)德理格在酉直门内购地建天主教堂一座。嘉庆十六年(1811…"
恭俭胡同,GongjianHutong,2,50,90%,-
大高玄殿,DagaoxuanTemple,3,10,94%,-
万寿西宫,-,3,1,80%,"万寿西宫位于宣武区白纸坊东街甲29号，占地面积4．7公顷，是北京市第一座老年公园。
万寿西宫原为明代关帝庙遗址，现仍有遗留的庙堂建筑和碑刻，为保持原有古建风格，并体现老年公园特色，公园特开辟了以遗留建筑为主的景区，如“绿竹园”--老年活…"
崇文区新开路二十号四合院,QuadrangleofNo.20Xin'geRoad,2,9,88%,-
北京邮政博物馆,-,1,0,0%,"北京邮政博物馆位于崇文门内小报房胡同，1997年2月20日北京邮政一百周年之际对外开放。
该馆建在1905年的原大清邮政北京总局旧址，馆舍一排旧式平房，内部装饰简朴庄重。基本陈列为“北京邮政简史”，陈列通过馆藏的300余件邮政史料、用品、设备、…"
宣仁庙,XuanrenTemple,1,4,56%,-
龙云山,-,1,0,0%,"河千里蜿蜒，奔流直泻，似巨龙开山，蟠曲东飞。龙云山风景区即坐落在白河北岸，可谓山环水抱，钟灵敏秀。
春季山花烂漫，夏季峰泉叠涌，秋季硕果飘香，冬季雪压松柏。这里七峰六泉、四潭三瀑、长河峡谷、玉池龙渊，九天揽月等著名景观。龙云瀑、天…"
静福寺,HaidianjingfuTemple,1,1,80%,-
吕祖庙,-,1,0,0%,"吕祖庙位于房山区良乡西北25公里大南峪，坐西朝东。随山势而建，前低后高。中轴线四进院落。位于密云县古北口镇河西村北万寿山上。与古北口镇只一水之隔。
修建于明代成化年间，原名慈云寺，是佛教寺庙，寺内供奉观世音菩萨。清末宣统年间，道人郝…"
基督教圣经会旧址,-,2,0,0%,基督教圣经会旧址是一座中西合璧式楼房，1926年由美国马里兰州圣经会捐款建造，是基督教会的代表性建筑。
欧阳予倩故居,BeijingOuyangYuqianFormerResidence,1,6,80%,-
孙中山行馆,FormerResidenceofSunzhongshan,1,0,96%,-
琉璃渠村,LiuliquVillage,1,7,90%,-
普度寺,PuduTemple,1,24,90%,-
会贤堂,HuixiantangSite,2,4,100%,-
福佑寺,BeijingFuyouTemple,1,9,92%,-
文津街,BeijingwenjinStreet,1,0,00%,-
杨家峪,-,1,0,0%,"杨家峪古村落整体格局保留完好，院落空间、街巷空间、建筑风格都延续了明清风格，具有较高的历史文化价值。2005年9月被门头沟区人民政府评为区级文物保护单位。
杨家峪古村座落于深山区，“村村通”道路未建设完成之前，与外界联系甚少，传统院落的…"
关岳庙,GuanyueTemple,1,1,94%,-
关沟风景区,GuanGully,1,3,100%,-
鳞龙山自然风景区,HuairouLinlongMountain,1,15,78%,-
汇通祠,-,1,0,80%,"汇通祠位于什刹海西海西北小岛上。明永乐年间始建，旧称法华寺，又称镇水观音庵。清乾隆二十六年(1761)重修，改名为汇通祠。
祠坐北朝南。山门1间，石券门，模盘大门两扇。前殿3间，配房东西各3间，匾曰“潮音普觉”，“功兼利济”。后楼3间，二层…"
药用植物园,ChinaMedicinalBotanicalGarden,1,19,86%,-
妫河漂流,-,2,1,00%,位于北京生态环境示范县――延庆的妫河漂流风景区以其新奇独特的项目，清幽秀丽的田园风光受到人们的青睐。
白水寺,-,1,2,80%,"白水寺位于房山区西北6公里歇山岗。又名兴隆寺，俗称大佛寺，始建年代不详。
白水寺由于年久失修，仅存无梁殿l座和3尊石雕佛像。大殿坐北朝南，重檐房殿顶，砖石结构。殿内有3尊花岗岩石雕站像，中为释迦牟尼，高5．8米，与卧佛寺大铜佛不相上下，…"
冰心故居,BingxinFormerResidence,1,17,86%,-
神奇野山峡,YanqingYeshanGorge,2,3,80%,-
崇礼住宅,-,7,0,0%,"崇礼住宅，清代光绪年间大学士崇礼的住宅。
崇礼字受之，汉军正白旗人，姓姜氏，误传其姓蒋，而称蒋四爷。光绪二十六年 (1900)授东阁大学士转文渊阁大学士。崇礼和皇室有姻亲关系。"
升平署旧址,-,1,0,0%,"升平署旧址位于南长街南口路西。
清代掌管宫廷戏曲演出活动的机构，称南府，始于康熙年间。南府隶属内务府，曾收罗民间艺人，以为宫廷应承演出。乾隆时，南府规模较前扩大。道光七年(1827)，将十番学并入中和乐内，增设档案房，改南府为升平署，仍…"
北沟摩崖石刻,-,1,0,00%,"北沟摩崖石刻在怀柔县沙峪乡北沟村北山沟内。
北沟摩崖石刻有8处刻字，分布在长约2公里的山沟里。均为阴文，字体约80厘米见方。是明代官员多次视察边关的题写。
沟口第l处是横幅字“警心慎辔”。进沟后距村约500米处东山坡上为第2处，竖刻“观澜”2…"
柏林寺,BolinTemple,1,23,92%,-
撞道口村,Zhuangdaokoucun,1,0,80%,-
汀州会馆,-,1,0,0%,"汀州会馆位于崇文区西北部，前门外长巷二条。始建于明代弘治年间（1488-1505年），系福建省在京同乡集资修建的北京独一无二的福建风格的民间建筑。1984年被列为市级文物保护单位。
汀州会馆分北馆和南馆二部分，隔街相望。"
中国伊斯兰教协会会址,-,2,0,0%,"中国伊斯兰教协会于1953年成立于北京。会址在宣武区南横西街l03号。
协会开办中国伊斯兰教经学院，培养阿訇、毛拉和其他宗教人才。还有北京穆斯林经书用品服务社。编辑出版刊物《中国穆斯林》(汉文、维吾尔文)。该会每年组织穆斯林赴圣地麦加朝觐。"
四座楼,-,1,1,100%,"四座楼风景旅游区位于平谷县熊儿寨乡境内，距平谷县城36公里，因山顶上有四座明代长城敌楼(现尚存两座)而得名。
四座楼风景区山林面积800公顷，现在开发旅游区245公顷，中心林区约70公顷。是一处以松林为主同时兼有古代文化的景点。
四座楼风景区最…"
小龙华寺,-,2,0,0%,"小龙华寺在西城区什刹海后海北沿23号。建于明，清道光年间曾改名心华寺，为拈花寺的下院。
寺坐北朝南，中轴线上有山门、前殿、耳房、东西配殿。后殿是保存较完整的小型寺庙。"
宝应寺,BaoyingTemple,0,4,86%,-
中国蜜蜂博物馆,BeeMuseumOfChina,8,17,92%,-
清真永寿寺,-,3,0,0%,"清真永寿寺在西城区三里河中巷2、3号。明万历三十三年(1605)始建，天启四年(1624)重修。重修碑为进士石三畏撰文。寺之旧址名“翁僧荒堂”。
寺门一间，石门额上书“清真礼拜永寿寺”。入大门后左为水房名“规洁室”。右为望月楼，二层，上有横匾曰…"
琉璃窑遗址,-,2,0,0%,"琉璃窑遗址位于龙泉雾村北。从这个遗址可以看出当时的玻璃烧制业是相当之发达的，这也是具有官窑水准的地方之一。这个遗址的规模也是很庞大的。
门头沟区烧造琉璃历史已有千年以上。龙泉雾村早在辽代已经开始烧造""辽三彩""琉璃，釉色为酱黄、绿及奶…"
法城,-,1,0,0%,法城自然生态风景区，山林覆盖植被面积达99%，一年春、夏、秋三季花常开，草长绿。法城的水是一绝，山泉一年四季涌流不息，甘甜清冽，且含有丰富的矿物质，泉水奔流下山，一路形成多个自然瀑布，使人心旷神怡，欣喜万分。景区的秋色最迷人，漫山便…
圆正法师塔,-,1,0,0%,金皇统六年(1146)建。砖塔平面呈六方形，高10余米。束腰塔座高2．5米，上环列青砖雕刻莲瓣约以百计，上承塔身。塔身上部每面雕如意头4个。塔身上为三层叠涩密檐，密檐上为覆钵承托的十三重相轮，收拢为尖状，轮顶为一直径尺余的空心铁球。球间穿出…
金绿园,-,0,0,0%,"金绿园位于窦店村南，面积400亩，长期聘请市区林业局专家为技术顾问，采用先进技术标准化生产，年产优质黄金梨50万公斤，并通过北京市安全食品认证。
每年8月1日-9月15日是观光采摘期。"
李大钊烈士陵园,LidazhaoMartyrs'Cemetery,1,2,100%,-
四季青樱桃园,-,2,0,0%,四季青果林所樱桃观光园，位于北京西郊风景区香山脚下，北望玉泉山，东邻四环路，西邻五环路，是北京距市中心最近的一个观光采摘果园。占地14公顷，有科技管理人员30余名，是集大樱桃研育开发、精品高效生产、良种苗木繁育、栽培新技术推广、产品苗…
圣母堂原址,-,1,0,0%,"圣母堂原址位于安定门外青年湖内东北隅，原为俄国东正教堂圣母堂及俄国侨民坟地。
“圣母堂”建于1918年前后，坐西朝东，堂体最宽处约16m，进深约27m。堂内分“圣所”和“致圣所”两部分。圣所中间设宝座，为一米多高的方台，上置圣体、宝匣；东北…"
房山铁瓦寺,FangshanTiewaTemple,1,1,100%,-
黑山寺,-,2,0,0%,"黑山寺风景区位于密云县翁红镇黑山寺村，坐落在密云水库白河主坝西南侧，距县城16公里。它是密云县新近推出的一处以自然和人文景致取胜的旅游风景区。
黑山寺有一个""媳妇洞""。唐代元和年间，宪宗李纯委托高僧选址建寺，并选和尚替他出家。高僧游遍…"
万柳堂旧址,-,1,0,0%,"万柳堂旧址位于崇文区广渠门内。元代右丞廉希宪在右安门外草桥建了一处别墅叫万柳堂，清初大学士冯溥慕其名，在广渠门内建别墅，取名“万柳堂”。
万柳堂占地百余亩。园内堆土山，种植了杨柳和各种花卉。并修建御书楼，楼内悬挂康熙御笔匾额“间廉…"
圣泉山观音寺,-,1,1,100%,圣泉山观音寺始建于唐代，距今已有千年历史。但风云变幻，现在已找不到确切的文字记载。据民间传说，唐代著名女将樊梨花镇守幽州北境。一次与北国交兵，被困九龙山（那时圣泉山还叫九龙山）下，敌强我弱，命悬一线。情急之中，樊梨花合掌急呼，“观…
八国联军火烧端郡王府遗址,PalaceofDukeDuan,1,0,00%,-
玉虚宫,-,1,0,0%,玉虚宫创建年代不详，现存为清光绪年间所重建。玉虚宫由前宫、后宫、塔院三部分组成。前宫四合院布局。正殿前竖碑两座。后宫地势与前宫殿脊齐平，四合院布局。塔院位于后宫50米左右，有塔4座。其中3座并列成“一”字，相隔约7米。建筑形式相同，八…
北京密云精灵谷自然风景区,BeijingmiyunjinglingguziranSceneicArea,4,14,86%,-
黑寺,-,2,0,0%,"黑寺在海淀区东升乡马甸村西。原为前后两寺，中以一街相隔。两寺与附近的黄寺同为喇嘛庙，因覆以黑瓦，故俗称黑寺。
前黑寺原名慈度寺，建于清朝初年。坐北朝南，有殿5重，民国年间烧毁。后黑寺原名察罕喇嘛庙，为东蒙察罕呼图克图活佛于清顺治二年…"
永定河珍珠湖段漂流,-,0,1,80%,水流湍急，落差大，因地处永定河峡谷中段，沿途景色秀美。
圣安寺遗址,-,1,0,0%,"圣安寺遗址位于宣武门外南横街西口。金天会年间(1123一1135)始建。
传说是金代帝后为佛觉、晦堂二大师营建。因寺院建于中都城内的柳湖村旁，寺外有湖，岸边垂柳，俗称柳湖寺。明正统十一年(1446)重修并改名普济寺，清乾隆四十一年(1776)又重新修葺…"
西华门,Xihuamen,1,26,94%,-
北京市安外清真寺,An'waiMuslimTemple,1,13,94%,-
堂子,-,1,0,0%,堂子始建于1644年。原在长安左门外御河桥东，即台基厂大街北口路西一带。堂子为满洲神庙的称呼。供奉清入关前战死的4位祖先的遗物，清朝廷建立政权后，凡有重大的政治、军事行动，就在庙内举行祭把、誓师，当时称“谒庙”。入关后，乾隆时期将“谒…
大峪沟摩崖造像,-,1,0,0%,"在面朝南的青石断面上，有造像两龛。右侧一龛高0.88米，宽0.98米。中为佛祖释迦牟尼坐像，两侧各为其弟子或金刚力士，顶部为二飞天。共有造像9尊。龛的两侧有题记。左侧一龛高1.7米，宽O.85米。有释迦牟尼垂足端坐造像。右侧一龛为唐代,左侧一龛较…"
大寒岭关城,"DahanlingPass,Mentougou",0,0,100%,-
长椿寺,-,1,0,0%,"长椿寺山门东向，有前殿、大殿与后罩楼，均南向，虽有改建但原有建筑基本完整。
长椿寺始建于明代万历二十年(1592)，是明神宗的母亲孝定李太后下令敕建。李太后死后人们叫她“九莲菩萨”，寺里一直保存着一幅九莲菩萨像。明代皇帝崇祯，让画家画了…"
韩村河,Hancunhe,1,23,94%,-
北京气象台,-,0,0,0%,"北京市气象台是承担北京地区短时、短期、中期天气预报任务的部门，是拥有现代化的仪器设备、先进的探测监测手段、科学的管理运行机制、人才密集型的高科技、高效率的科技服务单位。
北京气象台经过多年的发展建设，形成了一个以计算机网络为依托，…"
辽金城垣博物馆,MuseumofCitySiteofLiaoandJinDynasty,2,48,92%,-
金河堤碑,HaidianJinhediMonument,2,3,100%,-
环秀禅寺,-,0,0,0%,"环秀禅寺位于房山区崇各庄乡小幼营村西。始建于明成化年间。
寺坐南朝北，占地约3340平方米。正殿完好。正殿面阔12．3米，为3间无梁殿建筑。殿内为写隆顶，高7米。对面的墙壁上有券顶的佛龛3个，下设连通的须弥座。座和佛龛都是汉白玉石垒砌。座高1…"
妇女儿童活动中心,-,3,0,0%,妇女儿童活动中心座落在石景山八角地区，占地6000平方米，是一组具有童话色彩城堡式建筑群，石雕艺术、园内艺术使其别具一格。妇女儿童活动中心的前身是“银杏宝宝乐园”，1997年进行了较大规模的改造和扩建，使之成为面貌焕然一新的具有教育、研究…
凝和庙,BeijingNingheTemple,1,16,92%,-
民国国会议场,ConventionHalloftheRepublicofChina,1,2,100%,-
中国民兵武器装备陈列馆,WeaponMuseumofChinesePeople'sMilitia,2,8,68%,-
小汤山现代农业科技示范园,XiaotangshanModernAgriculturalSciencePark,2,20,86%,-
清真普寿寺,MuslimsPushouTemple,1,4,96%,-
晏公祠,-,1,0,0%,"晏公祠位于海淀区四季青乡万安山麓。原名道统庙。明代正德七年(1512)由太监晏宏所建。
庙门依山崖石壁凿建，有“停云岩”石洞，面阔3间，明问与次间之间有石券门相通。每间石室内均有小龛。庙内原供有三皇、五帝、 三王、周公、孔子、孟子以及宋代…"
西便门明北京城墙遗址,-,1,0,0%,"西便门明北京城墙遗址，位于西二环路南端，建于明正统四年（1439年）。
此处遗址是内城的西南角城垣。因年久失修，逐渐倾塌，仅留100余米长的残迹。1987年市文物局与西城区政府共同修复城墙，保留7处断面遗迹，并修复了敌楼，改造周围环境并进行绿…"
蓟城纪念柱,-,0,0,0%,蓟城纪念柱于1995年修建，位于宣武区广安门滨河路东侧，是蓟城建城标志，为仿汉建筑。
普照寺,PuzhaoTemple,1,4,94%,-
清真法源寺,-,1,0,100%,"清真法源寺在西城区德胜门外大街200号。清康熙初年重修。
正门外有影壁1座。正门1间，横额上书“开天古教”。正门两旁各开1门。二门为一座重檐建筑，二门外北为洗浴室，南为客房。二门内有讲堂、大殿(顶部起一小亭)、窑殿、邦克楼。现为德外清真寺…"
恰园旧址,-,0,0,0%,恰园旧址东起米市胡同，西至南横街半截胡同，又名七间房。相传为明代严嵩的别墅。清康熙时大学士王祟简、王熙父子在此建别墅，请当时在京营园的江南叠山高手张然治造，有20余景，为清初北京具有江南宅第园林特色的名园之一。到了乾隆时期，怡园已被…
双寺,-,1,0,0%,双寺在西城区旧鼓楼北大街双寺胡同。明成化元年(1465)太监刘嘉林舍宅建寺，为大应法王下院。明成化十六年(1480)尚膳监太监刘祥、高通等人出资改建。分为东西二区，东为嘉慈寺(现已无存)，西为广济寺。万历三十一年(1603)重修。胡同因寺得名。
凤凰亭,-,1,1,80%,凤凰亭位于房山区燕山办事处凤凰亭路的东侧山坡上。是一座重檐攒尖顶的石砌碑亭。亭内竖有清雍正九年(1731)石碑一方，阳书“圣德光昭西山仪凤碑铭”。
正阳桥疏渠记方碑,ShuqujiSteleofZhengyangBridge,1,7,82%,-
龚自珍故居,-,1,0,0%,龚自珍故居在西城区手帕胡同21号。龚自珍在京住地之一。故居坐北朝南，三进院落，另有东西跨院。前院有北房3间，两侧耳房各两间，东西厅房各3间。院内当年曾有道光御笔“福”字匾及“耕读堂”匠。故居基本保持原状。
农科院林果研究所,-,1,0,0%,"北京市林业果树研究所是北京市专门从事林业果树应用性研究和开发的专业机构，迄今已有40年的历史，曾经为北京市和全国的林业果树事业做出很大的贡献。
园内的果园、苗圃经过多年的精心培育和科学管理，科技含量很高。这里建有国家桃、草莓种质资源…"
昭显庙,ZhaoxianTemple,1,6,98%,-
杨椒山祠,BeijingAncestralHallofYangJiaoshan,0,3,60%,-
军都故城址,-,1,0,0%,军都故城址俗称“土城”，位于昌平县城西南8.5公里的土城村。建于战国末期，是军都县的治所，属上谷郡。军都县是昌平地方建县制以来最早的名称。城为长方形，南北O.75公里，东西O.5公里。县名源于军都山、军都径(关沟)。燕建军都是为了屯兵。再者，…
北顶娘娘庙,BeidingNiangniangmiao,1,26,90%,-
南方大峡谷景区,NanfangdaCanyon,1,1,100%,-
北京文博交流馆,-,1,0,0%,"北京文博交流馆位于东城区禄米仓5号的智化寺内，是1992年在原智化寺文物保管所的基础上建立起来的。该馆的宗旨为收集北京、全国乃至世界的博物馆信息与资料，展示北京地区所有博物馆的现状。
智化寺为明初司礼监太监王振于正统八年（1443年）建，初…"
周吉祥塔,-,0,0,0%,"周吉祥塔始建于明弘治年间。
塔面南向。砖石结构，八角形七级密檐式。通高约18米。塔基由汉白玉石砌垒，高l米，须弥座塔基束腰间砖雕花卉、人物故事等。塔身八角形，每角有砖砌圆柱。塔身的其它各面，均雕以假门或者假窗。塔上部的各层檐，均采用正…"
草岚子监狱旧址,-,1,0,0%,"草岚子监狱旧址在西城区草岚子胡同19号。1931年9月国民党政府为关押北平、天津两地被捕的共产党人，把这里作为临时看守所，1932年3月改为“北平军人反省分院”，俗称草岚子监狱。
监狱坐南朝北，西边有一座灰色二层小楼，是当年监狱当局办公的地方…"
北京旅游集散中心,-,2,2,50%,-
翠明庄,-,3,0,0%,翠明庄为三层中西合璧绿琉璃瓦顶式楼房，大门为硬山调大脊，上覆绿琉璃瓦，带吻兽、垂兽及小兽。门坐西朝东。主楼中间为三层，两侧楼高二层，面阔17间，约宽50米。原是30年代梅兰芳所购准备盖戏园的地皮，后为励志社招待所。1946年后一度成为军事调…
红螺慧缘谷,HongluoHuiyuanguEcologyScenicArea,1,6,100%,-
天开塔,FangshanTiankaiTower,1,2,94%,-
中国画研究院展览馆,-,1,0,0%,中国画研究院展览馆在海淀区西三环北路22号中国画研究院内。是中国画研究院的附属机构。是研究院为繁荣国画创作、对外进行文化交流的重要窗口。建于1986年，主要业务是举办画展。展出作品来源于四个方面：研究院历年收藏的现代名家作品；当代著名画…
定慧寺,BeijingDinghuiTemple,1,3,56%,-
南正行官旧址,-,1,0,0%,"南正行官旧址距北京城约65公里，是北京去河北易县西陵的第二座行宫。
行宫坐北朝南，占地约2万平方米，前抵南泉水河，后靠山坡。行宫前是汉白玉拱桥，过御河桥是小广场。正对御河桥是左右并排的两个月台，左侧月台旁边有一棵梨树，径粗70厘米，它本…"
京报馆,ShaopiaopingFormerResidence,1,4,94%,-
绍兴会馆旧址,-,1,0,0%,"绍兴会馆旧址，始建于清道光六年（1826年）。是鲁迅先生在北京的故居之一。
绍兴会馆的建筑有“仰级堂”“涣文萃福之轩”“藤花别馆”“绿竹舫”“嘉阴堂”“补树书屋”“贤阁”“怀旭斋”“一枝巢”等。"
房山孔水洞,"BoreTunnel,Fangshan",0,2,96%,-
香麓园,-,2,0,0%,"位于海淀区香山北正黄旗十八号的香麓园座落在香山脚下，于香炉峰至南坡红叶区的狼涧沟幽谷中，因满园房舍依山就势而建，天然成趣，故名香麓园。
香麓园内有多处泉水喷涌不断，夏天用此水煮出的饭数日内不馊坏，在今日科学已知泉水的保健功效而纷纷…"
浏阳会馆旧址,-,1,0,0%,浏阳会馆即谭嗣同故居。谭嗣同是戊戌变法殉难的六君子之一，清末政治家，思想家和哲学家，很长一段时间他都住在这里。谭嗣同(1865―1898)，字更生，号壮飞。湖南浏阳人，清同治四年二月十三日生于北京宣武门外烂缦胡同。与康有为，梁启超等一起从事…
施愚山故居,ShiyuMountainFormerResidence,1,0,00%,-
中国石油大学(北京校区),ChinaUniversityofPetroleum,0,0,0%,中国石油大学，简称中石大，创建于1953年，被誉为“石油科技人才的摇篮”。共有青岛、北京两个校区，其中的北京校区坐落在风景秀丽的北京市昌平区军都山南麓。
北京古岸农庄,-,1,0,0%,北京古岸农庄有限公司地处于北京门头沟区妙峰山镇，距市中心仅30公里，是以“农庄文化、生态旅游”为主题的度假村。农庄占地约400亩，是休闲、旅游、娱乐、会议、度假的理想去处，也是国内外游人，团队训练、踏青、郊游、素质教育的理想选择，更是…
天庆寺旧址,-,0,0,0%,天庆寺旧址位于崇文区东晓市街。其东与南药王庙毗邻，为辽代的水泰寺。元代至元九年(1272)重建时，发现一口废钟刻有“天庆”二字，经考证是辽代年号，因此就 以“天庆”为寺名。寺墙上嵌有“天庆禅林”石额，是后世人镌刻。旧址辟为天坛少年之家。
石经山,Shijingshan,1,83,94%,-
秀峰寺(鹫峰国家森林公园),XiufengTemple,1,3,86%,-
火神庙,-,4,0,0%,火神庙在和平门外琉璃厂东街29号。琉璃厂于清乾隆年间已有不少书肆，书肆最忌火灾，迷信者拜火神以求免，火神庙由此而来。以前每届农历正月初四到十五日止，琉璃厂及廊房头条各古玩店多在此出摊，书画、字帖、珠宝、翡翠琳琅满目，故又名文化商场。…
中国西瓜博物馆,DaxingWatermelonMuseum,2,15,90%,-
三峪风景区,-,2,0,0%,"三峪风景区位于密云县城西15公里处。这里奇峰秀水、山野长城、巴蜀文化等诸多景致构成了具有多种特色的三峪风情。
三峪风景区由牛盆峪、石塘峪、白道峪三峪构成。主景区牛盆峪水秀峰奇，高崖悬瀑，溪流涓涓，鸟语花香，古长城在山顶上伏卧，构成美…"
五顶庙,-,1,0,0%,"五顶庙是北京最著名的五座泰山神庙，亦称碧霞元君庙，分别为东顶、西顶、南顶、北顶、中顶。
东顶在东直门外，俗呼东顶。因庙侧有一株数百年的老榆树，顺义、通县一带人又称为孤榆树庙，现已无存。
南顶位于丰台区大红门外南顶村，建于明代，清乾隆…"
榆河桥,-,1,0,0%,"榆河桥在海淀区永丰乡西玉河村北约500米处的榆河河道上。又名水福桥。早在元代即已建有桥梁，原桥为木制。清康熙年间，因大学士明珠葬于附近，其家人遂重修此桥，易木为石，名永福桥。
桥呈东西走向，为五孔花岗岩石板桥。桥长22米，宽5．75米，桥…"
东胡林人遗址,MentougouDonghulinrenRuins,1,0,94%,-
妫海远航,-,0,0,0%,"妫海远航--乘仿古龙舟或快艇驰骋于绿水青山之间。该景区是展示夏都延庆生态环境的新靛点，其水面五千余亩，水路往返16.4公里，是您郊游的理想去处。
当您乘船浏览时，两岸风光以及远处高山尽收眼底。船在画中游，人在画中行。蓝天白云、湖光山色交…"
王佐乡,-,0,0,0%,"王佐乡旅游资源丰富，西北部有佛门沟、极乐峰古岩洞群等山地古文化遗址；西部为万亩果园及人造森林；西南部为青龙湖公园，中部为南宫现代化新农村。
值得一提的是南宫村。这里建起了南宫苑公园、南宫新农村小区、南宫商贸文化街等人文景观，并且在…"
番字石刻,"StoneCarvingsofNorthernMinorities,MiyunCounty",0,0,80%,-
基督教青年会旧址,-,1,0,0%,"基督教青年会旧址在东城区东单北大街3号。
青年会旧址是一座红砖砌筑的3层小楼，占地360平方米。1911年，由美国人捐建。原会所已全部拆除。青年会借用东单北大街21号原基督教圣经会旧址办公。"
中华文化园,ChineseCultureGarden,9,24,88%,-
天寿庵,-,1,0,0%,天寿庵在西城区龙头井42号。建于清代。坐北朝南，有山门、前殿、后殿。前殿和后殿两侧均有耳房。为西城区保护文物。
斋堂城遗址,-,1,1,00%,斋堂城遗址位于门头沟区斋堂镇斋堂村，是东通京师、西达河北省至蒙古高原的大道，明代建城于此，扼守古道通途。
汉经厂与番经厂旧址,-,1,0,0%,"汉经厂与番经厂旧址位于嵩祝寺、法渊寺和智珠寺。
汉经厂与番经厂旧址据""法渊夺碑记""拓片载乾隆御笔：""法渊寺在嵩祝寺左，其右则智珠寺，佛宇毗连，皆前明经厂旧址也。明永乐间以延致喇嘛传写梵经，故有番经厂、汉经厂之名。""番经厂专门印刷喇嘛用…"
白塔庵塔,-,1,1,100%,白塔庵塔在中国画研究院内。20世纪40年代此处有庵因塔而名。相传明建文帝在“靖难之役”中逃出南京，削发为僧，晚年来到北京，死后葬于西山，并建衣钵塔，塔讹称建文帝衣钵塔。塔高25米，为覆钵式，塔基为单层须弥座，座上为6层雕刻而成的仰莲，塔…
洵贝勒府,DoroiBeileMansion,2,23,94%,-
青龙湖,-,2,1,00%,“青龙湖”湖水清澈，风景如画，设有迷你海滩，高空飞伞，水上摩托，水中龙船，湖边垂钓，湖区考古，餐饮住宿，陆地游乐等休闲娱乐项目。
琉璃河商周遗址,XizhouyandouyizhiMuseum,1,25,86%,-
照塔,-,0,2,80%,"照塔位于房山区南尚乐乡塔照村东的山巅。建于辽代。
塔坐北朝南，为八角形七级密檐砖塔，通高15米。此塔当地传说为风水塔。塔基为须弥座，高3米，每面宽 2．2米。中部塔身高2．2米，每面宽1．75米。塔身正面有券门，其它各面设假门和假窗。塔身之上…"
吕祖宫,LvzuPalace,1,27,94%,-
将军坨,-,0,0,0%,将军坨风景区位于北京市房山区河北镇檀木港村。是生态型自然风景区，总面积1680亩，其中果园370亩，风景林230亩，果树有杏、桃、苹果、核桃、柿子等；百草园有白菊、柴胡、沙参、野姜、连翘、桔梗等。为国家级A级景区。
北京舞蹈学院,BeijingDancingAcademy,0,1,80%,北京舞蹈学院坐落于北京学府林立的海淀区，是新中国建立的第一所专业舞蹈教育院校，被外界称为“舞蹈家摇篮”。
天池山,-,1,0,0%,-
梁启超故居,LiangqichaoFormerResidence,1,30,82%,-
蟠桃宫,BeijingPeachPalace,1,7,84%,-
清河西汉古城遗址,HaidianQingheWesternHanAncientCityRuins,1,0,00%,-
永定河绿野素质教育基地,-,1,0,0%,绿野基地全名北京永定河绿野素质教育基地，是集青少年素质教育、农艺观光、休闲娱乐于一体的综合性大型基地。
万景仙沟,WanjingxiangouCanyon,1,5,92%,-
金中都城墙遗址公园,WanquanPark,2,28,94%,-
莲花寺,LianhuaTemple,1,0,00%,-
张坊村塔,-,0,0,0%,"张坊村塔位于房山张坊村。辽天庆六年(1116)始建。
塔为八角形五级密檐石塔。通高6米。塔座分上、中、下三层：上部是圆形的石雕仰莲托,中、下部为两层须弥座，周身浮雕人物、动物图案。塔的中部是独石制就的八角幢身，因上面刻有经文，所以俗称“经…"
皇城根遗址公园-东安门遗址,Dong'anmenMingImperialPalaceRelics,1,17,88%,-
拈花寺,NianhuaTemple,1,14,94%,-
三圣庵,BeijingSanshengNunnery,1,17,88%,-
于庄塔,FangshanYuzhuangTower,0,5,74%,-
首云铁人训练营,-,0,0,0%,北京首云“铁人训练营”隶属于首云铁矿，位于北京市密云县境内，距密云县城16公里，距北京80公里。首云铁矿始建于1959年，1970年建 成投产，是集采矿、选矿、竖炉焙烧连续生产工艺为一体的国有中型冶金矿山企业，曾隶属于北京市冶金局和首钢总公司…
蓟门烟树碑,HaidianJimenYanshuMonument,1,41,84%,-
洪承畴宅,HongChengchouHouse,1,3,60%,-
刘贲故里,-,1,0,0%,刘贲故里位于昌平区南西沙屯。刘贲，字去华，昌平人，唐敬宗宝历二年(826)进士。秉公理事，为宦官所嫉诬，贬柳州司户参军，卒后葬在柳州城郊。元泰定二年 (1325)立祠于昌平县。明中叶在县南西沙屯建祠，崇祯五年(1632)，为刘贲在此祠立碑，碑文为董…
中山寺观音像,-,0,0,0%,"中山寺观音像位于房山云居寺西1公里。
中山寺已不存，可观音像却完好保存。它面向东，坐落在石洞内，用艾叶青石精雕而就。始建于明末清初。观音像高1．9米， 蜷足端坐，一只手五指向上置于胸前；另一只手平伸在腿面上，手心向上，赤足。为房山区保…"
隆安寺,BeijingLong'anTemle,1,6,92%,-
下寺石塔,-,0,0,0%,"下寺石塔位于房山区张坊镇下寺村北3．5公里处。始建于唐代。
石塔坐北朝南，方形，高3．7米。通体采用汉白玉石制成。基座用块石垒成。中间用四块厚板石组成方形佛龛。龛的南面设券门。门两侧各浮雕金刚力士，反映出唐代雕刻技艺。自门向里，正面石…"
七王坟社区路,HaidianChunKingsTomb,1,3,76%,-
石城乡,-,0,0,0%,"石城乡位于北京市东北部、密云县西北部，乡域总面积248.5平方公里，19个行政村，总人口7094人，是远近闻名的""旅游之乡""。
石城乡人民政府位于北京市东北部，密云县西北部，北迄白河谷地，东抵密云水库，西与怀柔交界，京通铁路斜穿东南，乡内有石塘…"
岫云观,-,1,0,0%,"岫云观在房山区琉璃河中学院内。建于明代，原名恩惠寺，俗称老公庙。
主要建筑在中轴线上，仅存皋殿、三清殿和吕祖阁。岫云观古建筑是研究明代建筑工艺的实物资料，为房山县重点保护文物。"
朱彝尊故居,ZhuyizunFormerResidence,1,0,00%,-
北京都城隍庙大殿,HuangTempleAncestralHouse,1,16,86%,-
百仙神洞,-,1,0,0%,"百仙神洞位于虎峪沟西南，是由虎峪自然风景区旅游服务公司前任总经理张存海创意，工艺美术大师徐岚先生规划设计，然后开发建设成功。
洞穴得天造化，又历经数十年开凿，曲折幽深，宏伟奇特。百余尊中国神仙彩塑荟萃其中，匠心独运，构思奇巧，浑然…"
刘少奇革命活动纪念地,-,1,0,0%,"刘少奇革命活动纪念地在西城区砖塔胡同四眼井lO号(今南四眼井2号)。
刘少奇(1898―1969)，湖南省宁乡县人。1937年2月，刘少奇带领中共中央北方局机关由天津搬到北平，在此处居住。这里是刘少奇当时的秘书林枫和译电员郭明秋的家。当时刘少奇使用的…"
智慧谷,-,1,0,0%,"“智慧谷”位于怀柔县雁栖镇交界河村，是一个集知识性、趣味性、娱乐性为一体的青少年科学考察园地。这里群山环抱，气候温和，空气清新，海拔300--1000米，属燕山山脉中段的自然山系。
该区域自然资源丰富，山地森林覆盖率达（乔灌草总覆盖率）89%…"
永山宅院,HuoqiyingSite,1,8,92%,-
应公长老寿塔,-,0,0,0%,"应公长老寿塔位于房山区岳各庄乡天开村北。俗称和尚塔。建于元代大德五年(1301)二月。
塔南向，六角形五级檐式砖塔，通高12米，须弥座上砌三层莲花。柱形塔身正面开拱门，门楣上端嵌铭文：“应公长老寿塔”。东南、西南两面又嵌铭各一方。正面设假…"
天华洞,-,3,1,80%,"天华洞风景区位于怀柔县慕田峪长城以北，距怀柔县城28公里，距北京80公里，是集人文与自然景观于一体的旅游区，总面积12平方公里。
天华洞景区内植被繁茂，空气清新，分为天华洞探古揽胜、巨龙关、百孝园及疗养度假四大景区。
天华洞是天然形成的石…"
上宅文化遗址,-,0,0,0%,"上宅新石器时代文化遗址，位于平谷县韩庄乡上宅村北200米处山坡台地上，距今6000年，是继河南仰韶文化、甘肃马家窑文化、山东大汉口文化、河南龙山文化之后，又一处重要远古遗迹。
该遗址共分8层，上层为商周至唐辽文化，中层与红山文化接近，下层…"
龙仙宫,LongxianPalace,1,0,00%,-
长辛店留法勤工俭学旧址,-,1,0,0%,长辛店留法勤工俭学旧址在长辛店铁路中学校园内。是一座方形两层法式小楼，原为京汉铁路局火车房总管郭长泰的住宅。1918年夏建成后，成为留法勤工俭学预备班的教室。为北京市重点保护文物。
镇岗塔,BeijingZhengangTower,0,18,94%,-
龚自珍故居,GongzizhenFormerResidence,1,6,84%,-
吉安所,-,1,0,0%,-
泾县会馆旧址,-,0,0,0%,泾县会馆旧址曾是1918年12月创办政治周刊《每周评论》的编辑部所在地。由李大钊、陈独秀任编辑，张申府、胡适、周作人、高一涵、王光祈等经常为该刊撰稿。
长沟土城,FangshanChanggouTuCity,0,0,94%,-
龙坡遗址,-,0,0,0%,"龙坡遗址是西周至战国时遗址。
龙坡遗址在一处面积约1200平方米的三层台地上，文化层高达10米。1977年在遗址东500米处曾出土一面铜镜、一件青铜剑和陶器多件。"
京东大芦荡,-,2,0,0%,顺义东部正在开发建设中的京东大芦荡，芦苇从生，面积达2300亩，是北京地区面积最大的芦苇生长区，在大堤外又种植荷花800多亩，使整个景区水面清澈，绿色苍茫，百花争艳，水鸟鸣啼，微风吹拂，芦苇摇曳，此起彼伏，犹如浩瀚的大海，景色颇为壮观，…
天龙潭,-,1,0,0%,天龙潭自然风景区位于昌平区南口镇西7公里处，以天龙潭民俗旅游度假村为中心，响潭水库、龙潭水库、龙潭山庄、龙潭公园及3000亩原始森林环绕四周，水旺山青，四季锦绣。
卧虎山长城景区,WohuMountain,1,8,84%,-
洪水口村,MiyunFloodPass,1,9,94%,-
健锐营演武厅,TuanchengYanwuHall,1,21,82%,-
金仙公主塔,-,0,0,0%,"金仙公主塔位于房山云居寺石经山雷音洞上面，建于唐开元十八年(740)。
金仙公主塔坐北朝南，通体高3．5米，全部采用汉白玉石精制而成。基座由块石砌垒。中间用4块厚板石组成方形佛龛，正面设券门。门两侧各有浮雕金刚力士一尊。自门向里，对面石壁…"
周云端和尚灵塔,ZhouYunduanPagoda,0,0,100%,-
金仙庵遗址,-,0,0,0%,"金仙庵遗址位于海淀区北安河村西。庵堂建在一座石砌高台上。原寺名金山寺。始建何年无考。相传清代慈禧的表妹金仙，削发为尼在此修行，改名。
寺中前院尚遗存银杏树两株，树龄约有700--800年。金山是西山著名风景区之一。金仙庵于抗日战争时期被日…"
明瑞府,BeijingMingruiMansion,1,5,92%,-
双林寺,MentougouShuanglinTemple,1,0,00%,-
镇江营遗址,-,0,0,0%,镇江营遗址东临拒马河。遗址南北长约300米，东西宽50米左右。地表文化遗存大量的红、灰陶片，断壁上暴露出墓葬等。商周遗存发现于50年代，1986年在遗址上又发现了新石器时代遗存。随之发现了一些房址、窑穴，出土了一批陶器、石器、骨器、角器等。…
灵岳寺,-,1,0,0%,"灵岳寺位于门头沟区斋堂镇北部5公里的白铁山上。灵岳寺创建于唐贞观年间。辽代时重建，此时称“白贴山院”，到了金代改称“灵岳寺”，即为现名。
灵岳寺的寺院处于白铁山主峰前的平台上，其朝向为南，在中轴线上有山门、天王殿和释迦佛殿。寺的南部…"
石匣镇遗址,ShixiazhenRuins,0,2,100%,-
庄士敦别墅,ReginaldFlemingJohnston’sVilla,0,0,00%,-
文丞相祠,-,1,0,100%,"文丞相祠是为纪念南宋著名民族英雄和爱国诗人文天祥而建的。
文天祥在南宋末年奋力抗元被俘至元大都（北京）后，囚禁于兵马司土牢近4年时间，于1283年就义于柴市。
明洪武九年（1376年），由按察司副使建祠堂。明永乐六年（1408年）正式列入祭典。…"
雪山文化遗址,-,1,0,0%,"雪山文化遗址属于新石器文化遗址，位于昌平县到南口的公路南侧雪山村。此处遗址于1958年发现，1962年开始发掘。
遗址分布在雪山东南的台地上，地势西北高东南低。整个遗址面积l平方公里，可分为三个时期：早期文化遗址与中原仰韶文化，东北的红山文…"
西峰寺,XifengTemple,1,4,90%,-
和平寺,-,1,0,0%,和平寺又名花塔寺，建于唐代，由唐代名将尉迟恭监建，唐太宗李世民御笔亲书“敕赐和平寺”，古有“先有和平寺，后有潭拓寺，先有和平寺，后有北京城”之说，现在正殿中门上仍留与清雍正皇帝亲题“大地金沙”的匾额。寺院内一派幽静，春来鸟语花香，…
巴蜀文化园,-,1,0,0%,巴蜀文化园座落在风景迷人的密云水库南2公里处，占地450亩，苍松劲柏， 四季常青。是以体现巴蜀文化为主的山顶公园，建有武穆祠、上关殿、报恩殿、冥神苑、哼哈祠、屈原祠等18处人文景观。该园规模宏大，建筑精巧，风格独特，殿内泥塑形态各异、栩…
环谷园,-,1,0,0%,"环谷园南西北三面，被高耸青翠群峰环抱。
相传在很早以前，这里名叫""安府""。掩葬着一位皇姑，故取名“皇姑坟”，环谷一名由皇姑二字谐音而来。当年园寝石砌大墙，至今还有残迹遗存。1924年中法大学校长李石曾在环谷园购置民房70间，成立了中法大学…"
利马窦墓,TombofMatteoRicci,1,11,94%,-
凤翔寺,FengxiangTemple,1,0,00%,-
豆各庄塔,FangshanDougezhuangTower,0,3,100%,-
龙泉寺戚继光诗碑,-,1,0,0%,"龙泉寺戚继光诗碑在密云县城东北2.5公里处。戚继光（1512-1587），是明代著名爱国将领，戍边时曾在密云石匣驻防。万历三年（1575年），他在游密云龙潭时，曾赋游龙潭七律一首，刻碑留龙泉寺中。
戚继光是抗倭名将，当年正是他，保卫了中华大地的几…"
孚王府,BeijingFujunwangPalace,1,28,90%,-
王茂荫故居,-,0,0,0%,-
王茂荫故居,-,0,0,0%,-
极乐寺,JileTemple,1,0,00%,-
清真女寺,MuslimWomanTemple,1,12,90%,-
东四清真寺,BeijingDongsiMosque,1,29,92%,-
中国现代文学馆,NationalMuseumofModernChineseLiterature,1,96,92%,-
上宅文化陈列馆,ShangzhaiCultureExhibitionHall,0,4,90%,-
慈悲庵,-,1,0,0%,"古刹慈悲庵，座落于陶然亭公园湖心岛西南的高台上，建自元代，又称观音庵。历史上这里是文人墨客荟集赋咏之地，曾留下许多传诵一时的诗篇。庵内的陶然亭又是近代革命志士的秘密集合场所。
慈悲庵的主要建筑有山门、观音殿、招提宝殿、文昌阁、陶然…"
太阳宫公园,TaiyanggongPark,1,80,92%,-
延庆三里河湿地公园,-,0,0,0%,延庆三里河湿地生态公园是北京市第一个湿地生态公园，以自然质朴为根本，加入了富有情趣的景观。
密云欢乐桃源,-,0,0,0%,度假烧烤踏青的好去处。
北京的那,-,1,0,0%,北京新绿色高大上旅游休闲方式！
落坡岭风景区,-,0,0,70%,-
荣禄府西洋楼,-,0,0,80%,-
乐佛山景区,-,0,0,60%,-
中天瀚海农业观光园,-,0,0,70%,-
湖山真意,-,1,0,00%,湖山真意，站在此间向西眺望，西山秀色可尽收眼底。
百花谷,-,1,0,0%,百花谷风景区景色美不胜收，山谷到处也山花烂漫，一路上还有潺潺溪流相伴，时不时还有瀑布来惊喜一番！
北人户外产业园,-,0,0,0%,​北人户外文化产业园的核心功能是大型户外装备集散中心、专业培训体验活动中心、国内首家标本艺术中心、户外专题旅游推广中心。
崎峰山国家森林公园,-,0,0,0%,崎峰山国家级森林公园，海拔1000-3000米，以风光旖旎而名动天下，以其雄美的山川、丰富的植被、良好的生态著名。公园内林木覆盖率达93.5%，空气和地面水质均达到国家一级标准，是市级自然保护区。
普拉托休闲度假小镇,-,0,1,80%,普拉托休闲度假小镇位于北京门头沟区。
乡土植物科普园,-,0,0,0%,-
莲石湖郊野公园,-,1,1,00%,2010年12月1日永定河第一大湖莲石湖工程完工，全线开始蓄水。蓄水完成后，湖面最宽处达500多米，整个湖面面积达102万平方米。过去黄沙漫天的景象已经不复存在。永定河石景山段，未来将呈现出3大主题公园，并打造全新的水岸经济带和高端产业功能区。
峪口广场,-,0,0,0%,​峪口广场中心建设雕塑一座，以峪口汉语拼音首字Y和K为造型主体，取名“崛起”。意在表现全镇三万四千人民开拓、进取、无私奉献精神，展示未来峪口镇的丰富内涵。公园注重生态园林建设，做到乔、灌、花、草的完美结合，在景观配景上做到绿色植物和…
青龙湖水上乐园,-,0,0,0%,又名“青龙湖梦幻水上乐园”
书香24小时自助图书馆,-,0,0,0%,-
东西方名人文化艺术院,-,0,0,0%,-
益民书屋,-,0,0,0%,-
天宝润德古玩艺术会展中心,-,0,0,0%,-
龙一世美术馆,-,0,0,0%,-
光与时光艺术馆,-,0,0,0%,-
想想再设计,-,0,0,0%,-
高丽营规划馆,-,0,0,0%,-
朝乐门画廊庭兰艺术沙龙,-,0,0,0%,-
纽带中英文图书馆,-,0,0,0%,-
石篆居画廊有限公司,-,0,0,0%,-
旧经管报告厅,-,0,0,0%,-
书香24小时自助图书馆,-,0,0,0%,-
李学功艺术馆,-,0,0,0%,-
国际艺术会馆朴载林工作室,-,0,0,0%,-
沃德迪赛博当代艺术中心,-,0,0,0%,-
中联国益美术馆,-,0,0,0%,-
艺门画廊,-,0,0,0%,-
燕秦国画院艺术展,-,0,0,0%,-
北堡艺术区,-,0,0,0%,-
当代弘文画院,-,0,0,0%,-
JADEGALLERY艺术画廊,-,0,0,0%,-
天德生态园,-,0,0,0%,-
磴明万荷美术馆,-,0,0,0%,-
泰中天生态园,-,0,0,0%,-
石雕艺术中心,-,0,0,0%,-
德利剧场,-,0,0,0%,-
育才图书室,-,0,0,0%,-
高歌美术馆,-,0,0,0%,-
果园街道民益书馆,-,0,0,0%,-
天通苑龙德广场冰雪嘉年华,-,0,0,0%,天通苑的冰雪嘉年华
联通国际漫游上网卡,-,0,0,0%,本产品可在23个国家和地区用数据上网
福建园（北京世界园艺博览会）,-,0,0,0%,呈现福建特有的文化韵味和园林艺术。
土耳其园（北京世界园艺博览会）,-,0,0,0%,主题为“迎接绿色未来”，展现“绿色生活”的魅力
新加坡园（北京世界园艺博览会）,-,0,0,0%,总体设计为一个大温室，以展示极具特色的兰科热带植物为主
比利时展园（北京世界园艺博览会）,-,0,0,0%,比利时展园主题为“多样文化的创新与融合”，体现文化和自然相互融合。
双文铺公园,-,0,0,0%,双文铺公园位于怀柔区琉璃庙镇双文铺村，公园建造在白河川上，里面有好几处景观小品可供游人观赏，是游客休闲娱乐的好地方。
南馨园保龄球馆,-,0,0,0%,提供全方位的服务，使顾客充分领受到健康、欢乐、荣耀、尊贵和成功。
西便门城墙遗址公园,-,0,0,0%,西便门城墙遗址公园位于北京市西城区西便门桥区的三角地，是围绕明北京城城墙遗存而设立的公园，为西城区的区属公园。公园内的明北京城城墙遗存在2013年作为“明北京城城墙遗存——西便门段”被列为第七批全国重点文物保护单位。
云启公园,-,0,0,0%,公园占地面积3公顷，绿化覆盖率98%。该公园是以植物造景为主的突出田园风光特色公园。公园内有“牧童骑牛”等石雕，让游客们深切地领略大自然的风光。
鹰手营公园,-,0,0,0%,鹰手营公园，位于北京市怀柔区喇叭沟门满族乡。​在广场矗立一尊高达5米的雄鹰塑像，花岗岩石雕。
密云县太师屯世纪体育公园,-,0,0,0%,该公园建于2000年，占地150亩，集休闲、健身、运动、美化于一体，前期投入资金1000万元，园内硬化面积3万平方米，有篮球场、羽毛球场、网球场、乒乓球场、寒地喷泉，栽植乔灌木1800余株，地被植物1000000余株，绿化率70%，绿化覆盖率50%。
栗花沟湿地公园,-,1,1,0%,渤海镇栗花沟湿地公园，是怀柔区重点生态沟建设项目之一。公园内拥有多种动植物，近于原始的滩涂、沼泽、镜湖和宁静的村庄、漫山的栗树、星罗棋布的农田形成了湿地公园独特的景致。漫步于河岸两侧的亲水平台，登临鸟类栖息岛，仿佛人在画中游，令人…
明珠生态休闲公园,-,0,0,0%,远离县城，显得很宁静，来此休闲的人也不是很多，环境和绿化都很好，适合带着孩子来。
琦峰山国家森林公园,-,0,0,0%,-
雁翅九河湿地公园,-,0,1,20%,雁翅九河湿地公园位于门头沟区雁翅镇，该湿地公园从雁翅镇珠窝村至下马岭村，狭长20公里，总占地面356公顷，水面最宽达120米。以“生态九河·养生雁翅·美丽门头沟”为设计主题，按照“一轴两带八区”总体规划布局，将雁翅九河湿地公园初步设计为一…
北京十三陵红高粱养殖园,-,0,0,0%,-
秦森企业馆（北京世界园艺博览会）,-,0,0,0%,.让博大精深的中华文明赢得世界尊重
内蒙古园（北京世界园艺博览会）,-,0,0,0%,2019北京世园会，内蒙古将以“壮美的北疆画卷”为主题，向全世界充分展示内蒙古这个洒落在北疆的璀璨明珠。画卷分为三个篇章，卷一“美丽的草原我的家”，展现草原上骏马逐风、羊群似云的景象；卷二“高高的兴安岭”展现大兴安岭的苍松白桦和大森林…
纳波湾金河企业展园（北京世界园艺博览会）,-,0,0,0%,多维度的园艺展园
榆树文化园（北京世界园艺博览会）,-,0,0,0%,榆树九境里的园艺文化
百果园（北京世界园艺博览会）,-,0,0,0%,展示先进的果树栽培技术、种类众多的新优品种
蒙草企业展园（北京世界园艺博览会）,-,0,0,0%,探寻人与动物、植物、微生物之间的相互关系。
吉林园(北京世界园艺博览会),-,0,0,0%,用白山松水孕育的神奇故事，展现绿美吉林的风采。
北京首都开发控股有限公司展园（北京世界园艺博览会）,-,0,0,0%,折页里的相融共生
24小时自助图书馆,-,0,0,0%,-
魔怪屋,-,0,0,0%,-
太阳神翼,-,0,0,0%,-
飞翔,-,0,0,0%,-
兰亭展览室,-,0,0,0%,-
轩锋童乐园,-,0,0,0%,-
银潮足球少儿培训中心,-,0,0,0%,-
骑士(新东郊商城店),-,0,0,0%,-
紫谷庄园足球俱乐部,-,0,0,0%,-
菲菲童书馆,-,0,0,0%,-
星光盛世足球俱乐部,-,0,0,0%,-
